Date,Total Good Survey,Total Bad Survey,Total Responden,Total Rating,CSAT [Before],CSAT [After],%,,Date,Total Good Survey,Total Bad Survey,Total Responden,Total Rating,CSAT
1-Mar-2024,36,23,59,196,3.32,3.68,,,1-Mar-2024,36,14,50,184,3.68
2-Mar-2024,27,22,49,162,3.31,3.67,,,2-Mar-2024,27,15,42,154,3.67
3-Mar-2024,30,10,40,152,3.80,3.95,,,3-Mar-2024,30,8,38,150,3.95
4-Mar-2024,27,15,42,152,3.62,3.97,,,4-Mar-2024,27,10,37,147,3.97
5-Mar-2024,33,21,54,190,3.52,3.65,,,5-Mar-2024,33,18,51,186,3.65
6-Mar-2024,26,23,49,157,3.20,3.68,,,6-Mar-2024,26,14,40,147,3.68
7-Mar-2024,33,17,50,183,3.66,4.00,,,7-Mar-2024,33,11,44,176,4.00
8-Mar-2024,28,12,40,154,3.85,4.00,,,8-Mar-2024,28,10,38,152,4.00
9-Mar-2024,36,11,47,188,4.00,4.20,,,9-Mar-2024,36,8,44,185,4.20
10-Mar-2024,28,18,46,160,3.48,3.90,,,10-Mar-2024,28,11,39,152,3.90
11-Mar-2024,26,20,46,147,3.20,3.33,,,11-Mar-2024,26,17,43,143,3.33
12-Mar-2024,25,21,46,147,3.20,3.46,,,12-Mar-2024,25,16,41,142,3.46
13-Mar-2024,27,18,45,148,3.29,3.58,,,13-Mar-2024,27,13,40,143,3.58
14-Mar-2024,32,11,43,163,3.79,3.86,,,14-Mar-2024,32,10,42,162,3.86
15-Mar-2024,26,15,41,132,3.22,3.28,,,15-Mar-2024,26,14,40,131,3.28
16-Mar-2024,22,16,38,124,3.26,3.46,5.69%,,16-Mar-2024,22,13,35,121,3.46
17-Mar-2024,28,19,47,155,3.30,3.89,15.22%,,17-Mar-2024,28,9,37,144,3.89
18-Mar-2024,28,23,51,173,3.39,3.45,1.68%,,18-Mar-2024,28,21,49,169,3.45
19-Mar-2024,26,16,42,146,3.48,3.67,5.19%,,19-Mar-2024,26,13,39,143,3.67
20-Mar-2024,33,14,47,174,3.70,3.70,0.00%,,20-Mar-2024,33,14,47,174,3.70
21-Mar-2024,30,19,49,169,3.45,3.67,5.94%,,21-Mar-2024,30,15,45,165,3.67
22-Mar-2024,33,11,44,163,3.70,3.90,5.07%,,22-Mar-2024,33,8,41,160,3.90
23-Mar-2024,32,14,46,169,3.67,3.81,3.67%,,23-Mar-2024,32,11,43,164,3.81
24-Mar-2024,23,9,32,123,3.84,4.03,4.70%,,24-Mar-2024,23,7,30,121,4.03
25-Mar-2024,31,18,49,184,3.76,3.91,3.99%,,25-Mar-2024,31,14,45,176,3.91
26-Mar-2024,23,11,34,130,3.82,4.13,7.50%,,26-Mar-2024,23,7,30,124,4.13
27-Mar-2024,34,18,52,173,3.33,3.47,4.11%,,27-Mar-2024,34,15,49,170,3.47
28-Mar-2024,31,20,51,216,4.24,4.44,4.56%,,28-Mar-2024,31,17,48,213,4.44
29-Mar-2024,30,19,49,168,3.43,3.70,7.45%,,29-Mar-2024,30,14,44,163,3.70
30-Mar-2024,26,20,46,150,3.26,3.67,11.07%,,30-Mar-2024,26,23,39,143,3.67
31-Mar-2024,21,14,35,120,3.43,3.83,10.56%,,31-Mar-2024,21,9,30,115,3.83
1-Apr-2024,32,18,50,165,3.30,3.65,9.59%,,1-Apr-2024,32,11,43,157,3.65
2-Apr-2024,36,22,58,212,3.66,3.81,4.06%,,2-Apr-2024,36,18,54,206,3.81
3-Apr-2024,29,24,53,193,3.64,3.81,4.42%,,3-Apr-2024,29,19,48,183,3.81
4-Apr-2024,32,14,46,170,3.70,3.76,1.71%,,4-Apr-2024,32,13,45,169,3.76
5-Apr-2024,29,24,53,183,3.45,3.71,6.93%,,5-Apr-2024,29,20,49,182,3.71
6-Apr-2024,26,18,44,150,3.41,3.52,3.15%,,6-Apr-2024,26,16,42,148,3.52
7-Apr-2024,28,9,37,148,4.00,4.17,4.08%,,7-Apr-2024,28,7,35,146,4.17
8-Apr-2024,26,13,39,131,3.36,3.68,8.72%,,8-Apr-2024,26,8,34,125,3.68
9-Apr-2024,19,12,31,110,3.55,3.63,2.25%,,9-Apr-2024,19,11,30,109,3.63
10-Apr-2024,20,10,30,114,3.80,4.00,5.00%,,10-Apr-2024,20,8,28,112,4.00
11-Apr-2024,17,7,24,96,4.00,4.13,3.15%,,11-Apr-2024,17,6,23,95,4.13
12-Apr-2024,19,8,27,104,3.85,4.21,8.51%,,12-Apr-2024,19,5,24,101,4.21
13-Apr-2024,20,14,34,120,3.53,3.77,6.38%,,13-Apr-2024,20,11,31,117,3.77
14-Apr-2024,18,9,27,103,3.81,4.17,8.44%,,14-Apr-2024,18,6,24,100,4.17
15-Apr-2024,16,8,24,84,3.50,3.86,9.26%,,15-Apr-2024,16,5,21,81,3.86
16-Apr-2024,21,14,35,127,3.63,3.81,4.82%,,16-Apr-2024,21,11,32,122,3.81
17-Apr-2024,25,9,34,131,3.85,4.03,4.42%,,17-Apr-2024,25,7,32,129,4.03
18-Apr-2024,25,8,33,129,3.91,4.17,6.18%,,18-Apr-2024,25,5,30,125,4.17
19-Apr-2024,20,12,32,106,3.31,3.47,4.45%,,19-Apr-2024,20,10,30,104,3.47
20-Apr-2024,27,10,37,134,3.62,3.91,7.35%,,20-Apr-2024,27,6,33,129,3.91
21-Apr-2024,14,7,21,74,3.52,3.65,3.46%,,21-Apr-2024,14,6,20,73,3.65
22-Apr-2024,19,8,27,108,4.00,4.39,8.91%,,22-Apr-2024,19,4,23,101,4.39
23-Apr-2024,18,11,29,103,3.55,3.55,0.00%,,23-Apr-2024,18,11,29,103,3.55
24-Apr-2024,24,15,39,147,3.77,4.16,9.31%,,24-Apr-2024,24,8,32,133,4.16
25-Apr-2024,20,13,33,109,3.30,3.50,5.63%,,25-Apr-2024,20,10,30,105,3.50
26-Apr-2024,30,23,53,178,3.36,3.40,1.22%,,26-Apr-2024,30,22,52,177,3.40
27-Apr-2024,17,14,31,108,3.48,3.81,8.56%,,27-Apr-2024,17,9,26,99,3.81
28-Apr-2024,22,10,32,117,3.66,4.19,12.65%,,28-Apr-2024,22,4,26,109,4.19
29-Apr-2024,32,13,45,175,3.89,4.10,5.04%,,29-Apr-2024,32,10,42,172,4.10
30-Apr-2024,33,21,54,196,3.63,3.66,0.84%,,30-Apr-2024,33,20,53,194,3.66
1-May-2024,41,31,72,253,3.51,3.61,2.63%,,1-May-2024,41,28,69,249,3.61
2-May-2024,36,20,56,213,3.80,3.91,2.66%,,2-May-2024,36,18,54,211,3.91
3-May-2024,30,23,53,195,3.68,3.84,4.10%,,3-May-2024,30,19,49,188,3.84
4-May-2024,26,16,42,157,3.74,3.92,4.72%,,4-May-2024,26,13,39,153,3.92
5-May-2024,31,22,53,194,3.66,3.85,5.03%,,5-May-2024,31,17,48,185,3.85
6-May-2024,38,13,51,215,4.22,4.40,4.19%,,6-May-2024,38,9,47,207,4.40
7-May-2024,25,18,43,154,3.58,3.85,6.98%,,7-May-2024,25,14,39,150,3.85
8-May-2024,34,24,58,194,3.06,3.47,11.82%,,8-May-2024,34,21,55,191,3.47
9-May-2024,28,18,46,155,3.12,3.84,18.70%,,9-May-2024,28,10,38,146,3.84
10-May-2024,24,18,42,136,2.89,3.61,19.98%,,10-May-2024,24,12,36,130,3.61
11-May-2024,32,13,45,170,3.64,4.02,9.34%,,11-May-2024,32,9,41,165,4.02
12-May-2024,20,7,27,101,3.74,4.22,11.36%,,12-May-2024,20,3,23,97,4.22
13-May-2024,26,13,39,147,3.77,3.86,2.35%,,13-May-2024,26,11,37,143,3.86
14-May-2024,31,13,44,161,3.66,3.85,5.05%,,14-May-2024,31,10,41,158,3.85
15-May-2024,29,9,38,155,4.08,4.34,6.02%,,15-May-2024,29,6,35,152,4.34
16-May-2024,23,13,36,137,3.81,3.91,2.72%,,16-May-2024,23,11,34,133,3.91
17-May-2024,27,22,49,160,3.27,3.44,5.08%,,17-May-2024,27,18,45,155,3.44
18-May-2024,15,10,25,83,3.32,3.39,2.10%,,18-May-2024,15,8,23,78,3.39
19-May-2024,26,12,38,139,3.66,3.70,1.21%,,19-May-2024,26,11,37,137,3.70
20-May-2024,30,14,44,157,3.57,3.90,8.45%,,20-May-2024,30,9,39,152,3.90
21-May-2024,30,17,47,184,3.91,4.14,5.50%,,21-May-2024,30,12,42,174,4.14
22-May-2024,28,16,44,171,3.89,4.02,3.32%,,22-May-2024,28,13,41,165,4.02
23-May-2024,34,18,52,202,3.88,4.00,2.88%,,23-May-2024,34,15,49,196,4.00
24-May-2024,24,10,34,137,4.03,4.30,6.29%,,24-May-2024,24,6,30,129,4.30
25-May-2024,32,17,49,193,3.94,4.26,7.54%,,25-May-2024,32,10,42,179,4.26
26-May-2024,30,11,41,163,3.98,4.36,8.82%,,26-May-2024,30,6,36,157,4.36
27-May-2024,24,16,40,135,3.38,3.57,5.46%,,27-May-2024,24,13,37,132,3.57
28-May-2024,25,16,41,155,3.78,3.92,3.56%,,28-May-2024,25,13,38,149,3.92
29-May-2024,28,10,38,149,3.92,4.24,7.52%,,28-May-2024,28,6,34,144,4.24
30-May-2024,23,15,38,128,3.37,3.65,7.71%,,30-May-2024,23,11,34,124,3.65
31-May-2024,31,23,54,196,3.63,3.83,5.23%,,31-May-2024,31,17,48,184,3.83
1-Jun-2024,45,12,57,228,4.00,4.13,3.15%,,1-Jun-2024,45,9,54,223,4.13
2-Jun-2024,38,16,54,215,3.98,4.30,7.41%,,2-Jun-2024,38,9,47,202,4.30
3-Jun-2024,25,17,42,130,3.10,3.32,6.65%,,3-Jun-2024,25,13,38,126,3.32
4-Jun-2024,32,15,47,174,3.70,4.23,12.48%,,4-Jun-2024,32,7,39,165,4.23
5-Jun-2024,45,24,69,260,3.77,4.23,10.92%,,5-Jun-2024,45,12,57,241,4.23
6-Jun-2024,38,17,55,207,3.76,3.94,4.48%,,6-Jun-2024,38,12,50,197,3.94
7-Jun-2024,38,18,56,213,3.80,3.87,1.72%,,7-Jun-2024,38,16,54,209,3.87
8-Jun-2024,46,30,76,273,3.59,4.29,16.27%,,8-Jun-2024,46,10,56,240,4.29
9-Jun-2024,35,12,47,185,3.94,4.36,9.72%,,9-Jun-2024,35,4,39,170,4.36
10-Jun-2024,43,14,57,220,3.86,4.02,3.95%,,10-Jun-2024,43,11,54,217,4.02
11-Jun-2024,37,16,53,198,3.74,4.00,6.60%,,11-Jun-2024,37,11,48,192,4.00
12-Jun-2024,23,20,43,127,2.95,3.63,18.64%,,12-Jun-2024,23,9,32,116,3.63
13-Jun-2024,37,18,55,196,3.56,3.86,7.68%,,13-Jun-2024,37,12,49,189,3.86
14-Jun-2024,33,14,47,189,4.02,4.11,2.19%,,14-Jun-2024,33,12,45,185,4.11
15-Jun-2024,38,16,54,222,4.11,4.53,9.31%,,15-Jun-2024,38,7,45,204,4.53
16-Jun-2024,40,17,57,228,4.00,4.48,10.68%,,16-Jun-2024,40,6,46,206,4.48
17-Jun-2024,18,9,27,106,3.93,4.36,10.03%,,17-Jun-2024,18,4,22,96,4.36
18-Jun-2024,36,18,54,205,3.80,4.22,9.98%,,18-Jun-2024,36,10,46,194,4.22
19-Jun-2024,49,20,69,263,3.81,4.15,8.15%,,19-Jun-2024,49,12,61,253,4.15
20-Jun-2024,31,9,40,157,3.93,4.31,8.93%,,20-Jun-2024,31,4,35,151,4.31
21-Jun-2024,12,11,23,71,3.09,3.53,12.46%,,21-Jun-2024,12,7,19,67,3.53
22-Jun-2024,18,8,26,91,3.50,3.78,7.47%,,22-Jun-2024,18,5,23,87,3.78
23-Jun-2024,20,4,24,97,4.04,4.13,2.15%,,23-Jun-2024,20,3,23,95,4.13
24-Jun-2024,20,14,34,113,3.32,3.79,12.21%,,24-Jun-2024,20,8,28,106,3.79
25-Jun-2024,44,17,61,227,3.72,3.91,4.83%,,25-Jun-2024,44,13,57,223,3.91
26-Jun-2024,39,19,58,212,3.66,3.96,7.70%,,26-Jun-2024,39,13,52,206,3.96
27-Jun-2024,36,9,45,179,3.98,4.41,9.80%,,27-Jun-2024,36,3,39,172,4.41
28-Jun-2024,30,13,43,162,3.77,4.03,6.52%,,28-Jun-2024,30,9,39,157,4.03
29-Jun-2024,39,15,54,203,3.76,4.02,6.49%,,29-Jun-2024,39,10,49,197,4.02
30-Jun-2024,37,9,46,186,4.04,4.33,6.62%,,30-Jun-2024,37,5,42,182,4.33
1-Jul-2024,33,17,50,167,3.34,3.52,5.11%,,1-Jul-2024,33,13,46,162,3.52
2-Jul-2024,48,20,68,243,3.57,3.97,9.99%,,2-Jul-2024,48,11,59,234,3.97
3-Jul-2024,31,15,46,161,3.50,3.88,9.79%,,3-Jul-2024,31,9,40,155,3.88
4-Jul-2024,28,13,41,144,3.51,3.91,10.17%,,4-Jul-2024,28,7,35,137,3.91
5-Jul-2024,41,17,58,217,3.74,4.06,7.85%,,5-Jul-2024,41,11,52,211,4.06
6-Jul-2024,33,10,43,175,4.07,4.67,12.85%,,6-Jul-2024,33,3,36,168,4.67
7-Jul-2024,32,17,49,180,3.67,4.31,14.77%,,7-Jul-2024,32,7,39,168,4.31
8-Jul-2024,44,14,58,229,3.95,4.29,7.97%,,8-Jul-2024,44,8,52,223,4.29
9-Jul-2024,20,11,31,108,3.48,4.04,13.77%,,9-Jul-2024,20,5,25,101,4.04
10-Jul-2024,26,5,31,125,4.03,4.24,4.90%,,10-Jul-2024,26,3,29,123,4.24
11-Jul-2024,25,20,45,139,3.09,3.45,10.47%,,11-Jul-2024,25,13,38,131,3.45
12-Jul-2024,21,13,34,115,3.38,4.00,15.44%,,12-Jul-2024,21,6,27,108,4.00
13-Jul-2024,12,15,27,74,2.74,2.88,4.84%,,13-Jul-2024,12,13,25,72,2.88
14-Jul-2024,20,8,28,96,3.43,3.72,7.83%,,14-Jul-2024,20,5,25,93,3.72
15-Jul-2024,22,16,38,120,3.16,3.79,16.75%,,15-Jul-2024,22,7,29,110,3.79
16-Jul-2024,34,16,50,175,3.50,3.84,8.88%,,16-Jul-2024,34,10,44,169,3.84
17-Jul-2024,25,15,40,134,3.35,3.85,12.99%,,17-Jul-2024,25,8,33,127,3.85
18-Jul-2024,23,9,32,114,3.56,3.83,6.98%,,18-Jul-2024,23,6,29,111,3.83
19-Jul-2024,22,14,36,122,3.39,3.77,10.21%,,19-Jul-2024,22,9,31,117,3.77
20-Jul-2024,17,14,31,94,3.03,3.48,12.87%,,20-Jul-2024,17,8,25,87,3.48
21-Jul-2024,25,9,34,125,3.68,3.76,2.16%,,21-Jul-2024,25,8,33,124,3.76
22-Jul-2024,28,11,39,135,3.46,3.74,7.52%,,22-Jul-2024,28,7,35,131,3.74
23-Jul-2024,21,18,39,125,3.21,4.11,22.04%,,23-Jul-2024,21,6,27,111,4.11
24-Jul-2024,24,14,38,123,3.24,3.58,9.48%,,24-Jul-2024,24,9,33,118,3.58
25-Jul-2024,25,9,34,127,3.74,4.00,6.62%,,25-Jul-2024,25,6,31,124,4.00
26-Jul-2024,23,10,33,123,3.73,4.14,10.03%,,26-Jul-2024,23,5,28,116,4.14
27-Jul-2024,16,8,24,87,3.63,3.90,7.16%,,27-Jul-2024,16,5,21,82,3.90
28-Jul-2024,15,13,28,86,3.07,3.52,12.79%,,28-Jul-2024,15,8,23,81,3.52
29-Jul-2024,18,11,29,97,3.34,3.72,10.09%,,29-Jul-2024,18,7,25,93,3.72
30-Jul-2024,26,12,38,133,3.50,3.88,9.77%,,30-Jul-2024,26,7,33,128,3.88
31-Jul-2024,19,16,35,105,3.00,3.56,15.63%,,31-Jul-2024,19,8,27,96,3.56
1-Aug-2024,34,18,52,180,3.46,3.70,6.50%,,1-Aug-2024,34,13,47,174,3.70
2-Aug-2024,23,9,32,116,3.63,4.11,11.82%,,2-Aug-2024,23,4,27,111,4.11
3-Aug-2024,21,12,33,110,3.33,3.96,15.86%,,3-Aug-2024,21,5,26,103,3.96
4-Aug-2024,22,7,29,114,3.93,4.36,9.84%,,4-Aug-2024,22,3,25,109,4.36
5-Aug-2024,26,7,33,132,4.00,4.30,6.98%,,5-Aug-2024,26,4,30,129,4.30
6-Aug-2024,22,21,43,120,2.79,3.00,6.98%,,6-Aug-2024,22,16,38,114,3.00
7-Aug-2024,22,11,33,116,3.52,4.19,16.15%,,7-Aug-2024,22,4,26,109,4.19
8-Aug-2024,15,12,27,82,3.04,3.29,7.74%,,8-Aug-2024,15,9,24,79,3.29
9-Aug-2024,16,11,27,83,3.07,3.24,5.12%,,9-Aug-2024,16,9,25,81,3.24
10-Aug-2024,24,20,44,138,3.14,3.63,13.56%,,10-Aug-2024,24,11,35,127,3.63
11-Aug-2024,20,14,34,109,3.21,4.00,19.85%,,11-Aug-2024,20,5,25,100,4.00
12-Aug-2024,21,17,38,116,3.05,3.75,18.60%,,12-Aug-2024,21,7,28,105,3.75
13-Aug-2024,25,10,35,123,3.51,3.84,8.45%,,13-Aug-2024,25,6,31,119,3.84
14-Aug-2024,13,15,28,82,2.93,3.04,3.62%,,14-Aug-2024,13,13,26,79,3.04
15-Aug-2024,19,10,29,102,3.52,3.81,7.63%,,15-Aug-2024,19,7,26,99,3.81
16-Aug-2024,23,14,37,123,3.32,4.11,19.14%,,16-Aug-2024,23,4,27,111,4.11
17-Aug-2024,15,15,30,87,2.90,3.89,25.54%,,17-Aug-2024,15,4,19,74,3.89
18-Aug-2024,14,8,22,72,3.27,3.63,9.88%,,18-Aug-2024,14,5,19,69,3.63
19-Aug-2024,17,14,31,97,3.13,3.67,14.66%,,19-Aug-2024,17,7,24,88,3.67
20-Aug-2024,18,7,25,93,3.72,3.91,4.93%,,20-Aug-2024,18,5,23,90,3.91
21-Aug-2024,25,16,41,134,3.27,3.88,15.66%,,21-Aug-2024,25,7,32,124,3.88
22-Aug-2024,21,12,33,111,3.36,3.79,11.15%,,22-Aug-2024,21,7,28,106,3.79
23-Aug-2024,16,9,25,84,3.36,3.46,2.84%,,23-Aug-2024,16,8,24,83,3.46
24-Aug-2024,18,13,31,102,3.29,4.04,109.88%,,24-Aug-2024,18,5,23,93,4.04
25-Aug-2024,19,8,27,102,3.78,4.57,17.36%,,25-Aug-2024,19,2,21,96,4.57
26-Aug-2024,36,18,54,196,3.63,4.00,9.26%,,26-Aug-2024,36,11,47,188,4.00
27-Aug-2024,39,30,69,217,3.14,3.49,9.93%,,27-Aug-2024,39,20,59,206,3.49
28-Aug-2024,41,41,82,229,2.79,3.16,11.67%,,28-Aug-2024,41,27,68,215,3.16
29-Aug-2024,32,13,45,170,3.78,4.05,6.72%,,29-Aug-2024,32,9,41,166,4.05
30-Aug-2024,21,7,28,105,3.75,3.75,0.00%,,30-Aug-2024,21,7,28,105,3.75
31-Aug-2024,24,19,43,138,3.21,3.57,10.04%,,31-Aug-2024,24,13,37,132,3.57
1-Sep-2024,26,10,36,134,3.72,3.97,6.23%,,1-Sep-2024,26,7,33,131,3.97
2-Sep-2024,24,12,36,125,3.47,3.97,12.46%,,2-Sep-2024,24,6,30,119,3.97
3-Sep-2024,25,16,41,139,3.39,3.62,6.39%,,3-Sep-2024,25,12,37,134,3.62
4-Sep-2024,36,18,54,199,3.69,4.02,8.35%,,4-Sep-2024,36,12,48,193,4.02
5-Sep-2024,32,16,48,168,3.50,3.77,7.10%,,5-Sep-2024,32,11,43,162,3.77
6-Sep-2024,27,16,43,149,3.47,3.94,12.15%,,6-Sep-2024,27,9,36,142,3.94
7-Sep-2024,26,13,39,139,3.56,3.86,7.60%,,7-Sep-2024,26,9,35,135,3.86
8-Sep-2024,17,11,28,92,3.29,3.91,15.95%,,8-Sep-2024,17,5,22,86,3.91
9-Sep-2024,26,14,40,135,3.38,4.06,16.96%,,9-Sep-2024,26,5,31,126,4.06
10-Sep-2024,20,15,35,111,3.17,3.38,6.03%,,10-Sep-2024,20,12,32,108,3.38
11-Sep-2024,18,10,28,94,3.36,3.95,15.11%,,11-Sep-2024,18,4,22,87,3.95
12-Sep-2024,11,16,27,63,2.33,3.06,23.72%,,12-Sep-2024,11,6,17,52,3.06
13-Sep-2024,29,16,45,158,3.51,3.73,5.91%,,13-Sep-2024,29,12,41,153,3.73
14-Sep-2024,28,12,40,145,3.63,3.81,4.88%,,14-Sep-2024,28,9,37,141,3.81
15-Sep-2024,24,12,36,126,3.50,3.90,10.33%,,15-Sep-2024,24,7,31,121,3.90
16-Sep-2024,26,14,40,142,3.55,4.19,15.35%,,16-Sep-2024,26,5,31,130,4.19
17-Sep-2024,22,13,35,120,3.43,4.00,14.29%,,17-Sep-2024,22,6,28,112,4.00
18-Sep-2024,33,14,47,175,3.72,4.41,15.48%,,18-Sep-2024,33,4,37,163,4.41
19-Sep-2024,16,7,23,83,3.61,3.86,6.44%,,19-Sep-2024,16,5,21,81,3.86
20-Sep-2024,24,15,39,127,3.26,4.03,19.29%,,20-Sep-2024,24,5,29,117,4.03
21-Sep-2024,19,10,29,102,3.52,4.13,14.85%,,21-Sep-2024,19,4,23,95,4.13
22-Sep-2024,20,7,27,99,3.67,4.50,18.52%,,22-Sep-2024,20,0,20,90,4.50
23-Sep-2024,14,14,28,86,3.07,3.67,16.23%,,23-Sep-2024,14,7,21,77,3.67
24-Sep-2024,24,13,37,130,3.51,4.07,13.60%,,24-Sep-2024,24,6,30,122,4.07
25-Sep-2024,30,13,43,156,3.63,4.14,12.35%,,25-Sep-2024,30,6,36,149,4.14
26-Sep-2024,23,12,35,123,3.51,3.81,7.68%,,26-Sep-2024,23,8,31,118,3.81
27-Sep-2024,22,17,39,123,3.15,3.80,17.00%,,27-Sep-2024,22,8,30,114,3.80
28-Sep-2024,20,11,31,110,3.55,4.29,17.32%,,28-Sep-2024,20,4,24,103,4.29
29-Sep-2024,27,5,32,131,4.09,4.41,7.17%,,29-Sep-2024,27,2,29,128,4.41
30-Sep-2024,22,15,37,122,3.30,4.00,17.57%,,30-Sep-2024,22,5,27,108,4.00
1-Oct-2024,48,27,75,258,3.44,4.05,15.06%,,1-Oct-2024,48,12,60,243,4.05
2-Oct-2024,27,10,37,136,3.68,4.19,12.35%,,2-Oct-2024,27,4,31,130,4.19
3-Oct-2024,22,12,34,113,3.32,3.72,10.76%,,3-Oct-2024,22,7,29,108,3.72
4-Oct-2024,27,10,37,139,3.76,4.16,9.61%,,4-Oct-2024,27,5,32,133,4.16
5-Oct-2024,26,18,44,141,3.20,4.00,19.89%,,5-Oct-2024,26,6,32,128,4.00
6-Oct-2024,17,9,26,92,3.54,4.20,15.75%,,6-Oct-2024,17,3,20,84,4.20
7-Oct-2024,22,7,29,113,3.90,4.23,7.88%,,7-Oct-2024,22,4,26,110,4.23
8-Oct-2024,22,10,32,116,3.63,4.11,11.82%,,8-Oct-2024,22,5,27,111,4.11
9-Oct-2024,25,9,34,129,3.79,3.88,2.18%,,9-Oct-2024,25,8,33,128,3.88
10-Oct-2024,27,10,37,143,3.86,4.21,8.24%,,10-Oct-2024,27,6,33,139,4.21
11-Oct-2024,21,10,31,114,3.68,4.07,9.74%,,11-Oct-2024,21,6,27,110,4.07
12-Oct-2024,21,15,36,119,3.31,3.96,16.59%,,12-Oct-2024,21,6,27,107,3.96
13-Oct-2024,14,7,21,72,3.43,4.33,20.88%,,13-Oct-2024,14,1,15,65,4.33
14-Oct-2024,15,9,24,81,3.38,4.00,15.63%,,14-Oct-2024,15,4,19,76,4.00
15-Oct-2024,30,11,41,148,3.61,3.94,8.49%,,15-Oct-2024,30,6,36,142,3.94
16-Oct-2024,15,10,25,75,3.00,3.27,8.33%,,16-Oct-2024,15,7,22,72,3.27
17-Oct-2024,20,11,31,106,3.42,3.59,4.65%,,17-Oct-2024,20,9,29,104,3.59
18-Oct-2024,18,8,26,88,3.38,3.95,14.37%,,18-Oct-2024,18,3,21,83,3.95
19-Oct-2024,26,7,33,130,3.94,4.46,11.76%,,19-Oct-2024,26,2,28,125,4.46
20-Oct-2024,21,7,28,105,3.75,3.85,2.64%,,20-Oct-2024,21,6,27,104,3.85
21-Oct-2024,20,7,27,102,3.78,4.13,8.42%,,21-Oct-2024,20,4,24,99,4.13
22-Oct-2024,21,15,36,116,3.22,3.58,9.99%,,22-Oct-2024,21,10,31,111,3.58
23-Oct-2024,26,10,36,129,3.58,4.00,10.42%,,23-Oct-2024,26,5,31,124,4.00
24-Oct-2024,20,8,28,105,3.75,4.21,10.89%,,24-Oct-2024,20,4,24,101,4.21
25-Oct-2024,22,12,34,119,3.50,4.00,12.50%,,25-Oct-2024,22,6,28,112,4.00
26-Oct-2024,24,7,31,123,3.97,4.25,6.64%,,26-Oct-2024,24,4,28,119,4.25
27-Oct-2024,27,7,34,135,3.97,4.37,9.07%,,27-Oct-2024,27,3,30,131,4.37
28-Oct-2024,21,16,37,113,3.05,3.38,9.51%,,28-Oct-2024,21,11,32,108,3.38
29-Oct-2024,27,10,37,142,3.84,4.43,13.43%,,29-Oct-2024,27,3,30,133,4.43
30-Oct-2024,24,12,36,129,3.58,4.03,11.16%,,30-Oct-2024,24,6,30,121,4.03
31-Oct-2024,24,15,39,131,3.36,4.00,16.03%,,31-Oct-2024,24,6,30,120,4.00
1-Nov-2024,28,9,37,145,3.92,4.09,4.14%,,1-Nov-2024,28,6,34,139,4.09
2-Nov-2024,20,6,26,95,3.65,4.14,11.67%,,2-Nov-2024,20,2,22,91,4.14
3-Nov-2024,29,13,42,151,3.60,3.87,7.10%,,3-Nov-2024,29,9,38,147,3.87
4-Nov-2024,35,14,49,181,3.69,4.00,7.65%,,4-Nov-2024,35,9,44,176,4.00
5-Nov-2024,35,15,50,184,3.68,4.09,10.02%,,5-Nov-2024,35,8,43,176,4.09
6-Nov-2024,31,13,44,165,3.75,4.10,8.59%,,6-Nov-2024,31,8,39,160,4.10
7-Nov-2024,19,12,31,102,3.29,3.96,16.91%,,7-Nov-2024,19,5,24,95,3.96
8-Nov-2024,30,14,44,156,3.55,4.11,13.76%,,8-Nov-2024,30,6,36,148,4.11
9-Nov-2024,25,12,37,133,3.59,4.20,14.41%,,9-Nov-2024,25,5,30,126,4.20
10-Nov-2024,25,15,40,136,3.40,3.85,11.65%,,10-Nov-2024,25,8,33,127,3.85
11-Nov-2024,18,10,28,97,3.46,3.56,2.57%,,11-Nov-2024,18,9,27,96,3.56
12-Nov-2024,19,6,25,95,3.80,3.92,2.98%,,12-Nov-2024,19,5,24,94,3.92
13-Nov-2024,25,9,34,130,3.82,4.28,10.58%,,13-Nov-2024,25,4,29,124,4.28
14-Nov-2024,17,10,27,91,3.37,4.05,16.73%,,14-Nov-2024,17,4,21,85,4.05
15-Nov-2024,25,15,40,138,3.45,4.34,20.60%,,15-Nov-2024,25,4,29,126,4.34
16-Nov-2024,24,6,30,121,4.03,4.71,14.34%,,16-Nov-2024,24,0,24,113,4.71
17-Nov-2024,20,2,22,99,4.50,4.50,0.00%,,17-Nov-2024,20,2,22,99,4.50
18-Nov-2024,19,9,28,102,3.64,3.64,0.00%,,18-Nov-2024,19,9,28,102,3.64
19-Nov-2024,26,13,39,129,3.31,4.24,22.07%,,19-Nov-2024,26,6,32,121,3.78
20-Nov-2024,29,10,39,142,3.64,3.86,5.67%,,20-Nov-2024,29,7,36,139,3.86
21-Nov-2024,28,6,34,132,3.88,4.16,6.70%,,21-Nov-2024,28,3,31,129,4.16
22-Nov-2024,16,11,27,89,3.30,3.90,15.58%,,22-Nov-2024,16,6,21,82,3.90
23-Nov-2024,15,9,24,82,3.42,3.76,9.18%,,23-Nov-2024,15,6,21,79,3.76
24-Nov-2024,24,7,31,119,3.84,4.14,7.34%,,24-Nov-2024,24,4,28,116,4.14
25-Nov-2024,19,6,25,94,3.76,4.14,9.10%,,25-Nov-2024,19,3,22,91,4.14
26-Nov-2024,26,5,31,127,4.10,4.56,10.16%,,26-Nov-2024,26,1,27,123,4.56
27-Nov-2024,18,6,24,90,3.75,4.30,12.79%,,27-Nov-2024,18,2,20,86,4.30
28-Nov-2024,21,10,31,107,3.45,3.81,9.52%,,28-Nov-2024,21,6,27,103,3.81
29-Nov-2024,20,18,38,116,3.05,3.44,11.20%,,29-Nov-2024,20,12,32,110,3.44
30-Nov-2024,13,8,21,70,3.33,3.88,14.14%,,30-Nov-2024,13,4,17,66,3.88
1-Dec-2024,18,13,31,104,3.35,4.43,24.25%,,1-Dec-2024,18,3,21,93,4.43
2-Dec-2024,49,18,67,257,3.84,4.07,5.78%,,2-Dec-2024,49,9,58,247,4.07
3-Dec-2024,35,11,46,179,3.89,3.99,2.45%,,3-Dec-2024,35,6,41,173,3.99
4-Dec-2024,19,9,28,103,3.68,3.94,6.56%,,4-Dec-2024,19,4,23,97,3.94
5-Dec-2024,23,14,37,124,3.35,3.96,15.31%,,5-Dec-2024,23,9,32,118,3.96
6-Dec-2024,26,10,36,131,3.64,4.28,14.90%,,6-Dec-2024,26,3,29,124,4.28
7-Dec-2024,21,10,31,111,3.58,4.33,17.37%,,7-Dec-2024,21,3,24,104,4.33
8-Dec-2024,29,12,41,142,3.46,3.86,10.21%,,8-Dec-2024,29,6,35,135,3.86
9-Dec-2024,12,7,19,66,3.47,3.88,10.36%,,9-Dec-2024,12,4,16,62,3.88
10-Dec-2024,19,13,32,104,3.25,3.57,9.00%,,10-Dec-2024,19,9,28,100,3.57
11-Dec-2024,33,8,41,155,3.78,4.00,5.49%,,11-Dec-2024,33,5,38,152,4.00
12-Dec-2024,26,10,36,130,3.61,3.94,8.29%,,12-Dec-2024,26,6,32,126,3.94
13-Dec-2024,22,5,27,106,3.93,4.39,10.60%,,13-Dec-2024,22,1,23,101,4.39
14-Dec-2024,12,7,19,66,3.47,3.88,10.36%,,14-Dec-2024,12,4,16,62,3.88
15-Dec-2024,17,13,30,94,3.13,3.63,13.56%,,15-Dec-2024,17,7,24,87,3.63
16-Dec-2024,27,10,37,138,3.73,4.06,8.15%,,16-Dec-2024,27,6,33,134,4.06
17-Dec-2024,18,8,26,95,3.65,3.96,7.65%,,17-Dec-2024,18,5,23,91,3.96
18-Dec-2024,25,8,33,130,3.94,4.20,6.20%,,18-Dec-2024,25,5,30,126,4.20
19-Dec-2024,24,16,40,133,3.33,4.03,17.49%,,19-Dec-2024,24,6,30,121,4.03
20-Dec-2024,22,5,27,111,4.11,4.65,11.63%,,20-Dec-2024,22,2,23,107,4.65
21-Dec-2024,25,13,38,133,3.50,3.82,8.38%,,21-Dec-2024,25,8,33,126,3.82
22-Dec-2024,16,9,25,87,3.48,3.95,11.95%,,22-Dec-2024,16,5,21,83,3.95
23-Dec-2024,31,16,47,163,3.47,3.95,12.17%,,23-Dec-2024,31,8,39,154,3.95
24-Dec-2024,27,17,44,146,3.32,3.91,15.23%,,24-Dec-2024,27,9,35,137,3.91
25-Dec-2024,27,10,37,138,3.73,3.97,6.07%,,25-Dec-2024,27,7,34,135,3.97
26-Dec-2024,23,11,34,123,3.62,3.97,8.80%,,26-Dec-2024,23,7,30,119,3.97
27-Dec-2024,22,13,35,117,3.34,3.83,12.66%,,27-Dec-2024,22,7,29,111,3.83
28-Dec-2024,22,8,30,108,3.60,4.12,12.62%,,28-Dec-2024,22,3,25,103,4.12
29-Dec-2024,25,12,37,130,3.51,3.74,5.94%,,29-Dec-2024,25,9,34,127,3.74
30-Dec-2024,15,13,28,89,3.18,3.77,15.75%,,30-Dec-2024,15,7,22,83,3.77
31-Dec-2024,28,10,38,145,3.82,4.06,5.95%,,31-Dec-2024,28,7,35,142,4.06
1-Jan-2025,34,21,55,183,3.33,3.70,10.13%,,1-Jan-2025,34,13,47,174,3.70
2-Jan-2025,30,12,42,153,3.64,4.08,10.79%,,2-Jan-2025,30,6,36,147,4.08
3-Jan-2025,38,15,53,197,3.72,4.06,8.45%,,3-Jan-2025,38,9,47,191,4.06
4-Jan-2025,29,19,48,161,3.35,3.95,15.08%,,4-Jan-2025,29,9,38,150,3.95
5-Jan-2025,21,13,34,112,3.29,3.52,6.42%,,5-Jan-2025,21,10,31,109,3.52
6-Jan-2025,39,21,60,200,3.33,3.84,13.12%,,6-Jan-2025,39,10,49,188,3.84
7-Jan-2025,53,25,78,280,3.59,3.83,6.30%,,7-Jan-2025,53,18,71,272,3.83
8-Jan-2025,76,39,115,408,3.55,3.87,8.36%,,8-Jan-2025,76,25,101,391,3.87
9-Jan-2025,66,39,105,349,3.32,3.90,14.88%,,9-Jan-2025,66,18,84,328,3.90
10-Jan-2025,46,19,65,234,3.60,4.05,11.21%,,10-Jan-2025,46,9,55,223,4.05
11-Jan-2025,25,12,37,131,3.54,4.03,12.19%,,11-Jan-2025,25,6,31,125,4.03
12-Jan-2025,32,18,50,173,3.46,4.08,15.09%,,12-Jan-2025,32,8,40,163,4.08
13-Jan-2025,39,18,57,194,3.40,3.87,12.11%,,13-Jan-2025,39,8,47,182,3.87
14-Jan-2025,24,10,34,122,3.59,4.03,11.06%,,14-Jan-2025,24,5,29,117,4.03
15-Jan-2025,26,14,40,137,3.43,3.94,13.06%,  ,15-Jan-2025,26,7,33,130,3.94
16-Jan-2025,25,11,36,131,3.64,4.06,10.47%,,16-Jan-2025,25,6,31,126,4.06
17-Jan-2025,17,9,26,91,3.50,3.95,11.49%,,17-Jan-2025,17,5,22,87,3.95
18-Jan-2025,16,10,26,90,3.46,4.05,14.53%,,18-Jan-2025,16,4,20,81,4.05
19-Jan-2025,17,2,19,85,4.47,4.67,4.14%,,19-Jan-2025,17,1,18,84,4.67
20-Jan-2025,18,11,29,96,3.31,3.91,15.40%,,20-Jan-2025,18,5,23,90,3.91
21-Jan-2025,21,6,27,104,3.85,4.21,8.47%,,21-Jan-2025,21,3,24,101,4.21
22-Jan-2025,25,9,34,126,3.71,4.07,8.87%,,22-Jan-2025,25,5,30,122,4.07
23-Jan-2025,12,11,23,74,3.22,3.72,13.56%,,23-Jan-2025,12,6,18,67,3.72
24-Jan-2025,19,9,28,95,3.39,3.68,7.80%,,24-Jan-2025,19,6,25,92,3.68
25-Jan-2025,23,13,36,118,3.28,3.83,14.42%,,25-Jan-2025,23,6,29,111,3.83
26-Jan-2025,16,10,26,86,3.31,3.73,11.32%,,26-Jan-2025,16,6,22,82,3.73
27-Jan-2025,19,11,30,101,3.37,3.96,14.98%,,27-Jan-2025,19,5,24,95,3.96
28-Jan-2025,15,12,27,81,3.00,3.52,14.77%,,28-Jan-2025,15,6,21,74,3.52
29-Jan-2025,19,7,26,100,3.85,4.17,7.77%,,29-Jan-2025,19,4,23,96,4.17
30-Jan-2025,22,12,34,115,3.38,3.86,12.31%,,30-Jan-2025,22,6,28,108,3.86
31-Jan-2025,28,9,37,140,3.78,3.94,4.03%,,31-Jan-2025,28,7,35,138,3.94
1-Feb-2025,28,17,45,151,3.36,3.94,14.93%,,1-Feb-2025,28,8,36,142,3.94
2-Feb-2025,25,9,34,130,3.82,4.28,10.58%,,2-Feb-2025,25,4,29,124,4.28
3-Feb-2025,28,11,39,150,3.85,4.14,7.16%,,3-Feb-2025,28,7,35,145,4.14
4-Feb-2025,35,16,51,179,3.51,3.72,5.74%,,4-Feb-2025,35,12,47,175,3.72
5-Feb-2025,32,12,44,167,3.80,4.30,11.68%,,5-Feb-2025,32,5,37,159,4.30
6-Feb-2025,25,16,41,137,3.34,3.97,15.83%,,6-Feb-2025,25,7,32,127,3.97
7-Feb-2025,24,7,31,118,3.81,3.81,0.00%,,7-Feb-2025,24,7,31,118,3.81
8-Feb-2025,13,14,27,78,2.89,3.68,21.59%,,8-Feb-2025,13,6,19,70,3.68
9-Feb-2025,19,9,28,100,3.57,3.77,5.25%,,9-Feb-2025,19,7,26,98,3.77
10-Feb-2025,12,16,28,73,2.61,3.10,15.77%,,10-Feb-2025,12,9,21,65,3.10
11-Feb-2025,31,13,44,162,3.68,4.03,8.54%,,11-Feb-2025,31,8,39,157,4.03
12-Feb-2025,19,14,33,107,3.24,3.92,17.29%,,12-Feb-2025,19,6,25,98,3.92
13-Feb-2025,30,8,38,146,3.84,4.15,7.35%,,13-Feb-2025,30,4,34,141,4.15
14-Feb-2025,21,7,28,107,3.82,4.04,5.37%,,14-Feb-2025,21,5,26,105,4.04
15-Feb-2025,13,12,25,65,2.60,3.35,22.46%,,15-Feb-2025,13,4,17,57,3.35
16-Feb-2025,14,8,22,73,3.32,3.55,6.53%,,16-Feb-2025,14,6,20,71,3.55
17-Feb-2025,22,9,31,113,3.65,4.28,14.83%,,17-Feb-2025,22,3,25,107,4.28
18-Feb-2025,17,4,21,79,3.76,4.22,10.90%,,18-Feb-2025,17,1,18,76,4.22
19-Feb-2025,16,10,26,89,3.42,3.52,2.75%,,19-Feb-2025,16,9,25,88,3.52
20-Feb-2025,9,14,23,57,2.48,2.89,14.21%,,20-Feb-2025,9,9,18,52,2.89
21-Feb-2025,15,8,23,77,3.35,4.18,19.84%,,21-Feb-2025,15,2,17,71,4.18
22-Feb-2025,24,9,33,124,3.76,4.18,10.08%,,22-Feb-2025,24,4,28,117,4.18
23-Feb-2025,12,10,22,70,3.18,3.67,13.22%,,23-Feb-2025,12,6,18,66,3.67
24-Feb-2025,18,8,26,95,3.65,4.00,8.65%,,24-Feb-2025,18,5,23,92,4.00
25-Feb-2025,24,12,36,122,3.39,3.77,10.21%,,25-Feb-2025,24,7,31,117,3.77
26-Feb-2025,23,6,29,117,4.03,4.35,7.25%,,26-Feb-2025,23,3,26,113,4.35
27-Feb-2025,19,9,28,98,3.50,3.80,7.89%,,27-Feb-2025,19,6,25,95,3.80
28-Feb-2025,20,13,33,104,3.15,3.41,7.68%,,28-Feb-2025,20,9,29,99,3.41
1-Mar-2025,20,6,26,102,3.92,4.17,5.85%,,1-Mar-2025,20,4,24,100,4.17
2-Mar-2025,17,13,30,96,3.20,3.87,17.30%,,2-Mar-2025,17,6,23,89,3.87
3-Mar-2025,18,17,35,108,3.09,3.40,9.24%,,3-Mar-2025,18,12,30,102,3.40
4-Mar-2025,28,16,44,149,3.39,3.63,6.58%,,4-Mar-2025,28,12,40,145,3.63
5-Mar-2025,24,15,39,130,3.33,3.81,12.57%,,5-Mar-2025,24,8,32,122,3.81
6-Mar-2025,9,14,23,59,2.57,3.25,21.07%,,6-Mar-2025,9,7,16,52,3.25
7-Mar-2025,13,5,18,67,3.72,4.06,8.38%,,7-Mar-2025,13,3,16,65,4.06
8-Mar-2025,15,6,21,75,3.57,4.00,10.71%,,8-Mar-2025,15,3,18,72,4.00
9-Mar-2025,16,5,21,78,3.71,4.17,10.86%,,9-Mar-2025,16,2,18,75,4.17
10-Mar-2025,24,10,34,122,3.59,3.81,5.73%,,10-Mar-2025,24,6,31,118,3.81
11-Mar-2025,33,17,50,169,3.38,3.68,8.20%,,11-Mar-2025,33,11,44,162,3.68
12-Mar-2025,39,38,77,221,2.87,2.99,3.88%,,12-Mar-2025,39,32,71,212,2.99
13-Mar-2025,18,8,26,86,3.31,4.00,17.31%,,13-Mar-2025,18,2,20,80,4.00
14-Mar-2025,17,9,26,86,3.31,4.00,17.31%,,14-Mar-2025,17,3,20,80,4.00
15-Mar-2025,23,9,32,123,3.84,4.14,7.11%,,15-Mar-2025,23,6,29,120,4.14
16-Mar-2025,11,8,19,62,3.26,3.69,11.51%,,16-Mar-2025,11,5,16,59,3.69
17-Mar-2025,14,10,24,77,3.21,3.52,8.95%,,17-Mar-2025,14,7,21,74,3.52
18-Mar-2025,10,8,18,54,3.00,3.40,11.76%,,18-Mar-2025,10,5,15,51,3.40
19-Mar-2025,20,8,28,96,3.43,3.62,5.17%,,19-Mar-2025,20,6,26,94,3.62
20-Mar-2025,26,27,53,149,2.81,2.88,2.46%,,20-Mar-2025,26,25,51,147,2.88
21-Mar-2025,52,41,93,291,3.13,3.30,5.25%,,21-Mar-2025,52,34,86,284,3.30
22-Mar-2025,15,6,21,78,3.71,4.17,10.86%,,22-Mar-2025,15,3,18,75,4.17
23-Mar-2025,13,9,22,70,3.18,4.00,20.45%,,23-Mar-2025,13,3,16,64,4.00
24-Mar-2025,14,8,22,77,3.50,4.11,14.84%,,24-Mar-2025,14,4,18,74,4.11
25-Mar-2025,18,6,24,87,3.63,3.74,3.07%,,25-Mar-2025,18,5,23,86,3.74
26-Mar-2025,20,13,33,106,3.21,3.35,4.12%,,26-Mar-2025,20,11,31,104,3.35
27-Mar-2025,23,9,32,120,3.75,4.00,6.25%,,27-Mar-2025,23,6,29,116,4.00
28-Mar-2025,29,10,39,145,3.72,3.94,5.74%,,28-Mar-2025,29,7,36,142,3.94
29-Mar-2025,13,10,23,74,3.22,4.00,19.57%,,29-Mar-2025,13,4,17,68,4.00
30-Mar-2025,12,6,18,63,3.50,3.59,2.46%,,30-Mar-2025,12,5,17,61,3.59
31-Mar-2025,12,5,17,58,3.41,3.93,13.16%,,31-Mar-2025,12,2,14,55,3.93
1-Apr-2025,11,8,19,61,3.21,3.56,9.88%,,1-Apr-2025,11,5,16,57,3.56
2-Apr-2025,13,8,21,68,3.24,3.35,3.34%,,2-Apr-2025,13,7,20,67,3.35
3-Apr-2025,6,11,17,41,2.41,3.18,24.20%,,3-Apr-2025,6,5,11,35,3.18
4-Apr-2025,15,9,24,81,3.38,3.95,14.50%,,4-Apr-2025,15,4,19,75,3.95
5-Apr-2025,16,10,26,84,3.23,4.35,25.78%,,5-Apr-2025,16,1,17,74,4.35
6-Apr-2025,23,10,33,121,3.67,4.03,9.12%,,6-Apr-2025,23,6,29,117,4.03
7-Apr-2025,20,12,32,107,3.34,3.78,11.49%,,7-Apr-2025,20,7,27,102,3.78
8-Apr-2025,19,7,26,96,3.69,4.18,11.71%,,8-Apr-2025,19,3,22,92,4.18
9-Apr-2025,10,12,22,56,2.55,2.94,13.45%,,9-Apr-2025,10,7,17,50,2.94
10-Apr-2025,15,7,22,78,3.55,3.67,4.12%,,10-Apr-2025,15,6,21,77,3.67
11-Apr-2025,19,9,28,98,3.50,3.92,14.28%,,11-Apr-2025,19,5,24,94,3.92
12-Apr-2025,17,9,26,90,3.46,3.91,15.25%,,12-Apr-2025,17,5,22,86,3.91
13-Apr-2025,17,10,27,87,3.22,3.61,13.18%,,13-Apr-2025,17,6,23,83,3.61
14-Apr-2025,17,4,21,89,4.24,4.58,11.59%,,14-Apr-2025,17,2,19,87,4.58
15-Apr-2025,15,6,21,78,3.71,4.35,21.71%,,15-Apr-2025,15,2,17,74,4.35
16-Apr-2025,16,8,24,82,3.42,3.90,16.43%,,16-Apr-2025,16,4,20,78,3.90
17-Apr-2025,12,7,19,68,3.58,4.20,21.12%,,17-Apr-2025,12,3,15,63,4.20
18-Apr-2025,14,9,23,80,3.48,3.80,10.94%,,18-Apr-2025,14,6,20,76,3.80
19-Apr-2025,14,7,21,75,3.57,4.12,18.57%,,19-Apr-2025,14,3,17,70,4.12
20-Apr-2025,17,10,27,89,3.30,3.77,16.20%,,20-Apr-2025,17,5,22,83,3.77
21-Apr-2025,16,8,24,81,3.38,4.17,19.00%,,21-Apr-2025,16,2,18,75,4.17
22-Apr-2025,16,6,22,82,3.73,4.16,10.36%,,22-Apr-2025,16,3,19,79,4.16
23-Apr-2025,22,8,30,115,3.83,4.15,7.59%,,23-Apr-2025,22,5,27,112,4.15
24-Apr-2025,15,6,21,76,3.62,4.06,10.76%,,24-Apr-2025,15,3,18,73,4.06
25-Apr-2025,12,8,20,65,3.25,3.50,7.14%,,25-Apr-2025,12,6,18,63,3.50
26-Apr-2025,13,11,24,71,2.96,3.19,7.28%,,26-Apr-2025,13,8,21,67,3.19
27-Apr-2025,13,4,17,65,3.82,4.20,8.96%,,27-Apr-2025,13,2,15,63,4.20
28-Apr-2025,27,9,36,135,3.75,4.09,8.18%,,28-Apr-2025,27,5,32,131,4.09
29-Apr-2025,16,2,18,77,4.28,4.28,0.00%,,29-Apr-2025,16,2,18,77,4.28
30-Apr-2025,26,3,29,121,4.17,4.41,5.60%,,30-Apr-2025,26,1,27,119,4.41
1-May-2025,23,17,40,131,3.28,3.81,12.80%,,1-May-2025,23,9,32,122,3.81
2-May-2025,22,9,31,114,3.68,3.86,4.40%,,2-May-2025,22,7,29,112,3.86
3-May-2025,18,9,27,94,3.48,4.05,13.43%,,3-May-2025,18,4,22,89,4.05
4-May-2025,13,4,17,64,3.76,4.36,14.11%,,4-May-2025,13,1,14,61,4.36
15-May-2025,14,14,28,86,3.07,3.33,6.16%,,14-May-2025,14,10,24,80,3.33
16-May-2025,13,7,20,71,3.55,4.40,20.24%,,16-May-2025,13,2,15,66,4.40
17-May-2025,15,14,29,83,2.86,3.45,14.11%,,17-May-2025,15,7,22,76,3.45
18-May-2025,27,11,38,145,3.82,4.03,5.07%,,18-May-2025,27,8,35,141,4.03
19-May-2025,31,9,40,157,3.93,4.44,12.29%,,19-May-2025,31,3,34,151,4.44
20-May-2025,22,13,35,114,3.26,4.04,18.60%,,20-May-2025,22,4,26,105,4.04
21-May-2025,21,12,33,114,3.45,3.79,8.06%,,21-May-2025,21,8,29,110,3.79
22-May-2025,19,4,23,88,3.83,4.10,6.41%,,22-May-2025,19,2,21,86,4.10
23-May-2025,19,9,28,93,3.32,3.46,3.34%,,23-May-2025,19,7,26,90,3.46
24-May-2025,12,11,23,66,2.87,3.39,12.36%,,24-May-2025,12,6,18,61,3.39
25-May-2025,9,11,20,57,2.85,3.40,13.10%,,25-May-2025,9,11,15,51,3.40
26-May-2025,38,17,55,207,3.76,4.23,11.03%,,26-May-2025,38,9,47,199,4.23
27-May-2025,28,11,39,145,3.72,4.42,15.87%,,27-May-2025,28,3,31,137,4.42
28-May-2025,20,9,29,109,3.76,3.93,4.26%,,28-May-2025,20,7,27,106,3.93
29-May-2025,16,5,21,81,3.86,4.16,7.23%,,29-May-2025,16,3,19,79,4.16
30-May-2025,21,8,29,103,3.55,3.70,4.10%,,30-May-2025,21,6,27,100,3.70
31-May-2025,14,11,25,80,3.20,3.39,5.64%,,31-May-2025,14,9,23,78,3.39
1-Jun-2025,26,8,34,129,3.79,4.17,8.94%,,1-Jun-2025,26,4,30,125,4.17
2-Jun-2025,36,11,47,184,3.91,4.19,6.48%,,2-Jun-2025,36,7,43,180,4.19
3-Jun-2025,42,14,56,210,3.75,4.14,9.38%,,3-Jun-2025,42,7,49,203,4.14
4-Jun-2025,37,18,55,201,3.65,3.98,7.76%,,4-Jun-2025,37,12,49,195,3.98
5-Jun-2025,21,13,34,115,3.38,3.70,7.59%,,5-Jun-2025,21,9,30,111,3.70
6-Jun-2025,16,9,25,85,3.40,4.05,15.59%,,6-Jun-2025,16,3,19,77,4.05
7-Jun-2025,14,10,24,77,3.21,3.52,7.54%,,7-Jun-2025,14,7,21,74,3.52
8-Jun-2025,24,5,29,116,4.00,4.35,8.27%,,8-Jun-2025,24,2,26,113,4.35
9-Jun-2025,24,6,30,124,4.13,4.24,2.58%,,9-Jun-2025,24,5,29,123,4.24
10-Jun-2025,31,9,40,154,3.85,4.08,5.52%,,10-Jun-2025,31,6,37,151,4.08
11-Jun-2025,25,6,31,128,4.13,4.23,2.49%,,11-Jun-2025,25,5,30,127,4.23
12-Jun-2025,23,9,32,118,3.69,4.31,14.82%,,12-Jun-2025,23,3,26,112,4.31
13-Jun-2025,19,12,31,100,3.23,3.38,3.67%,,13-Jun-2025,19,10,29,98,3.38
14-Jun-2025,21,7,28,106,3.79,4.00,5.12%,,14-Jun-2025,21,5,26,104,4.00
15-Jun-2025,22,16,38,122,3.21,3.77,13.29%,,15-Jun-2025,22,8,30,113,3.77
16-Jun-2025,20,11,31,106,3.42,4.13,16.86%,,16-Jun-2025,20,4,24,99,4.13
17-Jun-2025,12,10,22,67,3.05,3.37,7.72%,,17-Jun-2025,12,7,19,64,3.37
18-Jun-2025,18,3,21,91,4.33,4.45,2.79%,,18-Jun-2025,18,2,20,89,4.45
19-Jun-2025,16,9,25,87,3.48,3.95,11.28%,,19-Jun-2025,16,5,21,83,3.95
20-Jun-2025,20,11,31,107,3.45,4.04,14.06%,,20-Jun-2025,20,5,25,101,4.04
21-Jun-2025,13,13,26,75,2.88,3.76,21.02%,,21-Jun-2025,13,4,17,64,3.76
22-Jun-2025,18,14,32,101,3.16,3.56,9.54%,,22-Jun-2025,18,9,27,96,3.56
23-Jun-2025,37,15,52,196,3.77,4.33,13.29%,,23-Jun-2025,37,6,43,186,4.33
24-Jun-2025,13,9,22,69,3.14,3.61,11.34%,,24-Jun-2025,13,5,18,65,3.61
25-Jun-2025,37,19,56,207,3.70,4.10,9.74%,,25-Jun-2025,37,11,48,197,4.10
26-Jun-2025,15,15,30,88,2.93,3.59,15.71%,,26-Jun-2025,15,7,22,79,3.59
27-Jun-2025,22,14,36,114,3.17,3.52,8.35%,,27-Jun-2025,22,9,31,109,3.52
28-Jun-2025,16,6,22,85,3.86,4.00,3.26%,,28-Jun-2025,16,5,21,84,4.00
29-Jun-2025,18,9,27,98,3.63,4.04,9.89%,,29-Jun-2025,18,5,23,93,4.04
30-Jun-2025,36,15,51,189,3.71,4.14,10.28%,,30-Jun-2025,36,8,44,182,4.14
1-Jul-2025,33,24,57,179,3.14,3.47,7.87%,,1-Jul-2025,33,16,49,170,3.47
2-Jul-2025,23,22,45,131,2.91,3.27,8.58%,,2-Jul-2025,23,14,37,121,3.27
3-Jul-2025,23,21,44,136,3.09,3.63,12.88%,,3-Jul-2025,23,12,35,127,3.63
4-Jul-2025,21,16,37,117,3.16,3.86,16.67%,,4-Jul-2025,21,7,28,108,3.86
5-Jul-2025,30,35,65,170,2.62,2.76,3.52%,,5-Jul-2025,30,29,59,163,2.76
6-Jul-2025,20,29,49,127,2.59,2.88,6.84%,,6-Jul-2025,20,21,41,118,2.88
7-Jul-2025,22,14,36,116,3.22,3.63,9.74%,,7-Jul-2025,22,8,30,109,3.63
8-Jul-2025,28,18,46,156,3.39,3.66,6.42%,,8-Jul-2025,28,13,41,150,3.66
9-Jul-2025,22,10,32,115,3.59,3.73,3.25%,,9-Jul-2025,22,8,30,112,3.73
10-Jul-2025,13,5,18,68,3.78,3.88,2.50%,,10-Jul-2025,13,4,17,66,3.88
11-Jul-2025,27,18,45,147,3.27,3.70,10.42%,,11-Jul-2025,27,10,37,137,3.70
12-Jul-2025,26,12,38,137,3.61,4.09,11.67%,,12-Jul-2025,26,6,32,131,4.09
13-Jul-2025,29,13,42,152,3.62,3.97,8.45%,,13-Jul-2025,29,8,37,147,3.97
14-Jul-2025,24,17,41,128,3.12,3.49,8.69%,,14-Jul-2025,24,11,35,122,3.49
15-Jul-2025,16,14,30,87,2.90,3.38,11.35%,,15-Jul-2025,16,8,24,81,3.38
16-Jul-2025,31,15,46,165,3.59,4.25,15.84%,,16-Jul-2025,31,5,36,153,4.25
17-Jul-2025,9,12,21,60,2.86,3.44,13.92%,,17-Jul-2025,9,7,16,55,3.44
18-Jul-2025,22,11,33,114,3.45,3.89,10.47%,,18-Jul-2025,22,6,28,109,3.89
19-Jul-2025,16,14,30,89,2.97,3.32,8.44%,,19-Jul-2025,16,9,25,83,3.32
20-Jul-2025,23,11,34,118,3.47,3.80,7.87%,,20-Jul-2025,23,7,30,114,3.80
21-Jul-2025,26,12,38,137,3.61,3.94,7.98%,,21-Jul-2025,26,7,33,130,3.94
22-Jul-2025,7,7,14,40,2.86,3.17,7.39%,,22-Jul-2025,7,5,12,38,3.17
23-Jul-2025,12,16,28,75,2.68,3.42,17.74%,,23-Jul-2025,12,7,19,65,3.42
24-Jul-2025,23,11,34,121,3.56,3.72,3.85%,,24-Jul-2025,23,9,32,119,3.72
25-Jul-2025,23,16,39,128,3.28,3.34,1.43%,,25-Jul-2025,23,15,38,127,3.34
26-Jul-2025,15,22,37,94,2.54,2.84,7.12%,,26-Jul-2025,15,16,31,88,2.84
27-Jul-2025,21,11,32,110,3.44,3.75,7.47%,,27-Jul-2025,21,7,28,105,3.75
28-Jul-2025,19,14,33,107,3.24,3.96,17.14%,,28-Jul-2025,19,6,25,99,3.96
29-Jul-2025,27,13,40,136,3.40,3.82,10.03%,,29-Jul-2025,27,7,34,130,3.82
30-Jul-2025,15,13,28,84,3.00,3.43,10.39%,,30-Jul-2025,15,8,23,79,3.43
31-Jul-2025,25,15,40,134,3.35,3.69,8.02%,,31-Jul-2025,25,10,35,129,3.69
1-Aug-2025,22,14,36,118,3.28,3.89,14.69%,,1-Aug-2025,22,6,28,109,3.89
2-Aug-2025,18,18,36,106,2.94,3.16,5.06%,,2-Aug-2025,18,14,32,101,3.16
3-Aug-2025,18,10,28,86,3.07,3.42,8.25%,,3-Aug-2025,18,6,24,82,3.42
4-Aug-2025,20,13,33,103,3.12,3.41,6.99%,,4-Aug-2025,20,9,29,99,3.41
5-Aug-2025,29,9,38,146,3.84,4.00,3.77%,,5-Aug-2025,29,7,36,144,4.00
6-Aug-2025,24,11,35,128,3.66,4.07,9.78%,,6-Aug-2025,24,6,30,122,4.07
7-Aug-2025,19,16,35,105,3.00,3.50,11.94%,,7-Aug-2025,19,9,28,98,3.50
8-Aug-2025,12,6,18,62,3.44,3.93,11.68%,,8-Aug-2025,12,3,15,59,3.93
9-Aug-2025,15,7,22,79,3.59,4.17,13.75%,,9-Aug-2025,15,3,18,75,4.17
10-Aug-2025,19,9,28,100,3.57,4.13,13.35%,,10-Aug-2025,19,4,23,95,4.13
11-Aug-2025,27,7,34,126,3.71,3.88,4.04%,,11-Aug-2025,27,5,32,124,3.88
12-Aug-2025,20,12,32,103,3.22,3.29,1.71%,,12-Aug-2025,20,11,31,102,3.29
13-Aug-2025,17,5,22,85,3.86,3.86,0.00%,,13-Aug-2025,17,5,22,85,3.86
14-Aug-2025,22,9,31,111,3.58,3.82,5.75%,,14-Aug-2025,22,6,28,107,3.82
15-Aug-2025,18,19,37,103,2.78,3.36,13.70%,,15-Aug-2025,18,10,28,94,3.36
16-Aug-2025,15,15,30,84,2.80,3.25,10.75%,,16-Aug-2025,15,9,24,78,3.25
17-Aug-2025,14,6,20,75,3.75,3.89,3.46%,,17-Aug-2025,14,5,19,74,3.89
18-Aug-2025,17,6,23,82,3.57,3.68,2.79%,,18-Aug-2025,17,5,22,81,3.68
19-Aug-2025,17,8,25,91,3.64,3.83,4.45%,,19-Aug-2025,17,6,23,88,3.83
20-Aug-2025,19,10,29,94,3.24,3.56,7.61%,,20-Aug-2025,19,6,25,89,3.56
21-Aug-2025,13,7,20,69,3.45,3.82,8.92%,,21-Aug-2025,13,4,17,65,3.82
22-Aug-2025,25,10,35,123,3.51,3.67,3.64%,,22-Aug-2025,25,8,33,121,3.67
23-Aug-2025,17,9,26,87,3.35,3.77,10.19%,,23-Aug-2025,17,5,22,83,3.77
24-Aug-2025,19,6,25,95,3.80,4.04,5.82%,,24-Aug-2025,19,4,23,93,4.04
25-Aug-2025,22,11,33,116,3.52,4.28,18.27%,,25-Aug-2025,22,3,25,107,4.28
26-Aug-2025,21,17,38,118,3.11,3.50,9.43%,,26-Aug-2025,21,11,32,112,3.50
27-Aug-2025,15,8,23,79,3.43,3.95,12.25%,,27-Aug-2025,15,4,19,75,3.95
28-Aug-2025,12,16,28,75,2.68,3.14,11.02%,,28-Aug-2025,12,10,22,69,3.14
29-Aug-2025,18,15,33,105,3.18,3.54,8.45%,,29-Aug-2025,18,10,28,99,3.54
30-Aug-2025,13,8,21,69,3.29,3.82,12.85%,,30-Aug-2025,13,4,17,65,3.82
31-Aug-2025,17,11,28,94,3.36,3.95,14.27%,,31-Aug-2025,17,5,22,87,3.95
1-Sep-2025,17,14,31,93,3.00,3.77,20.42%,,1-Sep-2025,17,5,22,83,3.77
2-Sep-2025,17,12,29,95,3.28,3.71,11.66%,,2-Sep-2025,17,7,24,89,3.71
3-Sep-2025,21,10,31,111,3.58,4.04,11.34%,,3-Sep-2025,21,5,26,105,4.04
4-Sep-2025,17,15,32,100,3.13,3.58,12.63%,,4-Sep-2025,17,9,26,93,3.58
5-Sep-2025,19,10,29,97,3.34,3.83,12.74%,,5-Sep-2025,19,5,24,92,3.83
6-Sep-2025,16,9,25,83,3.32,3.42,2.83%,,6-Sep-2025,16,8,24,82,3.42
7-Sep-2025,25,14,39,133,3.41,3.69,7.47%,,7-Sep-2025,25,10,35,129,3.69
8-Sep-2025,17,10,27,90,3.33,3.82,11.58%,,8-Sep-2025,17,5,22,84,3.82
9-Sep-2025,18,9,27,93,3.44,3.75,7.30%,,9-Sep-2025,18,6,24,90,3.75
10-Sep-2025,12,11,23,70,3.04,3.94,21.36%,,10-Sep-2025,12,4,16,63,3.94
11-Sep-2025,32,15,47,160,3.40,3.57,3.92%,,11-Sep-2025,32,12,44,157,3.57
12-Sep-2025,10,9,19,55,2.89,3.12,5.38%,,12-Sep-2025,10,7,17,53,3.12
13-Sep-2025,12,12,24,66,2.75,3.47,17.20%,,13-Sep-2025,12,5,17,59,3.47
14-Sep-2025,16,10,26,87,3.35,4.53,28.28%,,14-Sep-2025,16,1,17,77,4.53
15-Sep-2025,25,13,38,136,3.58,3.80,5.28%,,15-Sep-2025,25,10,35,133,3.80
16-Sep-2025,17,9,26,92,3.54,4.47,22.34%,,16-Sep-2025,17,2,19,85,4.47
17-Sep-2025,20,12,32,102,3.19,3.80,14.63%,,17-Sep-2025,20,5,25,95,3.80
18-Sep-2025,15,10,25,78,3.12,3.52,9.65%,,18-Sep-2025,15,6,21,74,3.52
19-Sep-2025,11,9,20,62,3.10,3.80,16.72%,,19-Sep-2025,11,4,15,57,3.80
20-Sep-2025,17,11,28,85,3.04,3.85,19.45%,,20-Sep-2025,17,3,20,77,3.85
21-Sep-2025,18,10,28,97,3.46,3.91,10.72%,,21-Sep-2025,18,5,23,90,3.91
22-Sep-2025,21,13,34,114,3.35,3.50,3.51%,,22-Sep-2025,21,11,32,112,3.50
23-Sep-2025,17,8,25,87,3.48,3.70,5.15%,,23-Sep-2025,17,6,23,85,3.70
24-Sep-2025,16,17,33,95,2.88,3.40,12.45%,,24-Sep-2025,16,9,25,85,3.40
25-Sep-2025,25,19,44,135,3.07,3.40,7.93%,,25-Sep-2025,25,11,36,127,3.53
26-Sep-2025,18,10,28,96,3.43,3.96,12.61%,,26-Sep-2025,18,5,23,91,3.96
27-Sep-2025,16,5,21,79,3.76,4.05,6.95%,,27-Sep-2025,16,3,19,77,4.05
28-Sep-2025,16,10,26,82,3.15,3.55,9.36%,,28-Sep-2025,16,6,22,78,3.55
29-Sep-2025,13,17,30,76,2.53,3.00,11.15%,,29-Sep-2025,13,10,23,69,3.00
30-Sep-2025,18,15,33,103,3.12,3.46,8.20%,,30-Sep-2025,18,5,28,97,3.46
1-Oct-2025,19,18,37,106,2.86,3.23,8.62%,,1-Oct-2025,19,12,31,100,3.23
2-Oct-2025,20,18,38,106,2.79,3.27,11.48%,,2-Oct-2025,20,10,30,98,3.27
3-Oct-2025,22,12,34,106,3.12,3.54,9.99%,,3-Oct-2025,22,6,28,99,3.54
4-Oct-2025,18,16,34,104,3.06,3.91,20.41%,,4-Oct-2025,18,5,23,90,3.91
5-Oct-2025,12,12,24,66,2.75,3.47,17.21%,,5-Oct-2025,12,5,17,59,3.47
6-Oct-2025,23,9,32,115,3.59,3.86,6.41%,,6-Oct-2025,23,6,29,112,3.86
7-Oct-2025,14,7,21,73,3.48,3.89,9.86%,,7-Oct-2025,14,4,18,70,3.89
8-Oct-2025,18,15,33,100,3.03,3.58,13.06%,,8-Oct-2025,18,8,26,93,3.58
9-Oct-2025,12,7,19,63,3.32,3.59,6.51%,,9-Oct-2025,12,5,17,61,3.59
10-Oct-2025,17,4,21,80,3.81,3.90,2.16%,,10-Oct-2025,17,3,20,78,3.90
11-Oct-2025,16,8,24,78,3.25,3.70,10.75%,,11-Oct-2025,16,4,20,74,3.70
12-Oct-2025,16,11,27,91,3.37,3.91,12.87%,,12-Oct-2025,16,6,22,86,3.91
13-Oct-2025,16,18,34,95,2.79,3.77,23.38%,,13-Oct-2025,16,6,22,83,3.77
14-Oct-2025,17,8,25,91,3.64,3.95,7.51%,,14-Oct-2025,17,5,22,87,3.95
15-Oct-2025,20,12,32,104,3.25,3.73,11.47%,,15-Oct-2025,20,6,26,97,3.73
16-Oct-2025,19,4,23,94,4.09,4.38,7.02%,,16-Oct-2025,19,2,21,92,4.38
17-Oct-2025,14,5,19,71,3.74,4.06,7.69%,,17-Oct-2025,14,3,17,69,4.06
18-Oct-2025,12,2,14,61,4.36,4.62,6.17%,,18-Oct-2025,12,1,13,60,4.62
19-Oct-2025,13,15,28,76,2.71,3.14,10.08%,,19-Oct-2025,13,9,22,69,3.14
20-Oct-2025,19,9,28,106,3.79,4.00,5.12%,,20-Oct-2025,19,7,26,104,4.00
21-Oct-2025,20,4,24,97,4.04,4.32,6.61%,,21-Oct-2025,20,2,22,95,4.32
22-Oct-2025,23,10,33,117,3.55,3.96,9.90%,,22-Oct-2025,23,5,28,111,3.96
23-Oct-2025,20,9,29,104,3.59,3.68,2.21%,,23-Oct-2025,20,8,28,103,3.68
24-Oct-2025,15,9,24,79,3.29,3.75,10.95%,,24-Oct-2025,15,5,20,75,3.75
25-Oct-2025,13,4,17,66,3.88,3.88,0.00%,,25-Oct-2025,13,4,17,66,3.88
26-Oct-2025,20,11,31,108,3.48,4.04,13.29%,,26-Oct-2025,20,5,25,101,4.04
27-Oct-2025,20,8,28,105,3.75,4.45,16.83%,,27-Oct-2025,20,2,22,98,4.45
28-Oct-2025,29,8,37,146,3.95,4.11,4.02%,,28-Oct-2025,29,6,35,144,4.11
29-Oct-2025,14,6,20,74,3.70,3.84,3.39%,,29-Oct-2025,14,5,19,73,3.84
30-Oct-2025,15,7,22,82,3.73,4.16,10.29%,,30-Oct-2025,15,4,19,79,4.16
31-Oct-2025,17,8,25,93,3.72,4.35,15.05%,,31-Oct-2025,17,3,20,87,4.35
OCT,543,294,837,2857,3.41,3.85,10.39%,,OCT,543,162,705,2713,3.85
1-Nov-2025,27,13,40,139,3.48,4.00,12.54%,,1-Nov-2025,27,6,33,132,4.00
2-Nov-2025,21,13,34,117,3.44,4.04,14.23%,,2-Nov-2025,21,6,27,109,4.04
3-Nov-2025,13,8,21,72,3.43,4.19,18.13%,,3-Nov-2025,13,3,16,67,4.19
4-Nov-2025,17,16,33,92,2.79,3.07,6.77%,,4-Nov-2025,17,11,28,86,3.07
5-Nov-2025,14,10,24,80,3.33,3.67,7.96%,,5-Nov-2025,14,7,21,77,3.67
6-Nov-2025,19,9,28,95,3.39,3.68,6.86%,,6-Nov-2025,19,6,25,92,3.68
7-Nov-2025,27,6,33,135,4.09,4.29,4.76%,,7-Nov-2025,27,4,31,133,4.29
8-Nov-2025,19,5,24,89,3.71,3.95,5.77%,,8-Nov-2025,19,3,22,87,3.95
9-Nov-2025,9,8,17,50,2.94,3.20,6.18%,,9-Nov-2025,9,6,15,48,3.20
10-Nov-2025,16,15,31,93,3.00,3.21,5.12%,,10-Nov-2025,16,12,28,90,3.21
11-Nov-2025,17,8,25,92,3.68,4.19,12.19%,,11-Nov-2025,17,4,21,88,4.19
12-Nov-2025,13,8,21,71,3.38,3.72,8.10%,,12-Nov-2025,13,5,18,67,3.72
13-Nov-2025,14,7,21,71,3.38,3.63,5.99%,,13-Nov-2025,14,5,19,69,3.63
14-Nov-2025,17,6,23,78,3.39,3.50,2.60%,,14-Nov-2025,17,5,22,77,3.50
15-Nov-2025,8,8,16,44,2.75,3.15,9.65%,,15-Nov-2025,8,5,13,41,3.15
16-Nov-2025,12,12,24,69,2.88,3.25,8.96%,,16-Nov-2025,12,8,20,65,3.25
17-Nov-2025,22,15,37,124,3.35,3.49,3.21%,,17-Nov-2025,22,13,35,122,3.49
18-Nov-2025,14,13,27,77,2.85,3.27,10.05%,,18-Nov-2025,14,8,22,72,3.27
19-Nov-2025,14,7,21,78,3.71,4.35,15.19%,,19-Nov-2025,14,3,17,74,4.35
20-Nov-2025,13,9,22,70,3.18,3.18,0.00%,,20-Nov-2025,13,9,22,70,3.18
21-Nov-2025,21,7,28,102,3.64,3.96,7.58%,,21-Nov-2025,21,4,25,99,3.96
22-Nov-2025,19,11,30,98,3.27,3.72,10.83%,,22-Nov-2025,19,6,25,93,3.72
23-Nov-2025,8,11,19,49,2.58,3.42,20.01%,,23-Nov-2025,8,4,12,41,3.42
24-Nov-2025,22,19,41,121,2.95,3.29,7.99%,,24-Nov-2025,22,13,35,115,3.29
25-Nov-2025,20,14,34,114,3.35,3.76,9.69%,,25-Nov-2025,20,9,29,109,3.76
26-Nov-2025,18,14,32,98,3.06,3.32,6.19%,,26-Nov-2025,18,10,28,93,3.32
27-Nov-2025,11,3,14,56,4.00,4.23,5.51%,,27-Nov-2025,11,2,13,55,4.23
28-Nov-2025,48,19,67,248,3.70,3.97,6.35%,,28-Nov-2025,48,13,61,242,3.97
29-Nov-2025,27,17,44,150,3.41,3.94,12.79%,,29-Nov-2025,27,9,36,142,3.94
30-Nov-2025,16,15,31,93,3.00,3.58,13.94%,,30-Nov-2025,16,8,24,86,3.58
,536,326,862,2865,3.32,,,,,536,207,743,2741,3.69
1-Dec-2025,25,16,41,133,3.24,3.36,2.75%,,1-Dec-2025,25,14,39,131,3.36
2-Dec-2025,25,9,34,125,3.68,4.03,8.53%,,2-Dec-2025,25,5,30,121,4.03
3-Dec-2025,24,18,42,127,3.02,3.80,18.54%,,3-Dec-2025,24,6,30,114,3.80
4-Dec-2025,27,7,34,136,4.00,4.40,9.56%,,4-Dec-2025,27,3,30,132,4.40
5-Dec-2025,15,12,27,88,3.26,4.00,17.70%,,5-Dec-2025,15,5,20,80,4.00
6-Dec-2025,20,11,31,106,3.42,3.74,7.68%,,6-Dec-2025,20,7,27,101,3.74
7-Dec-2025,17,7,24,85,3.54,4.05,12.14%,,7-Dec-2025,17,3,20,81,4.05
8-Dec-2025,11,10,21,59,2.81,3.38,13.51%,,8-Dec-2025,11,5,16,54,3.38
9-Dec-2025,12,7,19,68,3.58,3.94,8.57%,,9-Dec-2025,12,4,16,63,3.94
10-Dec-2025,21,14,35,118,3.37,3.79,10.07%,,10-Dec-2025,21,8,29,110,3.79
11-Dec-2025,15,9,24,82,3.42,3.64,5.34%,,11-Dec-2025,15,7,22,80,3.64
12-Dec-2025,12,17,29,76,2.62,3.47,20.38%,,12-Dec-2025,12,7,19,66,3.47
13-Dec-2025,19,11,30,101,3.37,3.73,8.70%,,13-Dec-2025,19,7,26,97,3.73
14-Dec-2025,17,11,28,91,3.25,3.65,9.61%,,14-Dec-2025,17,6,23,84,3.65
15-Dec-2025,12,9,21,66,3.14,3.81,16.00%,,15-Dec-2025,12,4,16,61,3.81
16-Dec-2025,17,7,24,88,3.67,4.32,15.51%,,16-Dec-2025,17,2,19,82,4.32
17-Dec-2025,14,10,24,78,3.25,3.70,10.75%,,16-Dec-2025,14,6,20,74,3.70
18-Dec-2025,20,13,33,110,3.33,3.96,15.01%,,18-Dec-2025,20,6,26,103,3.96
19-Dec-2025,21,4,25,101,4.04,4.17,3.03%,,19-Dec-2025,21,3,24,100,4.17
20-Dec-2025,26,15,41,140,3.41,3.80,9.21%,,20-Dec-2025,26,9,35,133,3.80
21-Dec-2025,22,9,31,104,3.35,3.92,13.50%,,21-Dec-2025,22,3,25,98,3.92
22-Dec-2025,16,9,25,86,3.44,4.16,17.15%,,22-Dec-2025,16,3,19,79,4.16
23-Dec-2025,21,6,27,102,3.78,4.13,8.29%,,23-Dec-2025,21,3,24,99,4.13
24-Dec-2025,18,6,24,90,3.75,4.00,5.97%,,24-Dec-2025,18,4,22,88,4.00
25-Dec-2025,6,14,20,43,2.15,2.69,12.96%,,25-Dec-2025,6,7,13,35,2.69
26-Dec-2025,13,15,28,78,2.79,3.00,5.12%,,26-Dec-2025,13,12,25,75,3.00
27-Dec-2025,10,11,21,60,2.86,3.44,13.86%,,27-Dec-2025,10,6,16,55,3.44
28-Dec-2025,14,16,30,85,2.83,3.65,19.51%,,28-Dec-2025,14,6,20,73,3.65
29-Dec-2025,20,7,27,104,3.85,4.50,15.48%,,29-Dec-2025,20,2,22,99,4.50
30-Dec-2025,18,8,26,87,3.35,3.73,9.10%,,30-Dec-2025,18,4,22,82,3.73
31-Dec-2025,10,7,17,53,3.12,3.57,10.84%,,31-Dec-2025,10,4,14,50,3.57
1-Jan-2026,17,14,31,96,3.10,3.67,13.61%,,1-Jan-2026,17,7,24,88,3.67
2-Jan-2026,30,22,52,165,3.17,3.83,15.57%,,2-Jan-2026,30,10,40,153,3.83
3-Jan-2026,42,29,71,226,3.18,3.80,14.65%,,3-Jan-2026,42,12,54,205,3.80
4-Jan-2026,15,6,21,79,3.76,4.41,15.48%,,4-Jan-2026,15,2,17,75,4.41
5-Jan-2026,16,10,26,86,3.31,3.95,15.34%,,5-Jan-2026,16,4,20,79,3.95
6-Jan-2026,27,11,38,143,3.76,4.15,9.28%,,6-Jan-2026,27,6,33,137,4.15
7-Jan-2026,15,12,27,84,3.11,3.67,13.27%,,7-Jan-2026,15,6,21,77,3.67
8-Jan-2026,10,6,16,55,3.44,4.36,22.12%,,8-Jan-2026,10,1,11,48,4.36
9-Jan-2026,22,10,32,114,3.56,4.12,13.21%,,9-Jan-2026,22,4,26,107,4.12
10-Jan-2026,17,10,27,89,3.30,3.58,6.78%,,10-Jan-2026,17,7,24,86,3.58
11-Jan-2026,20,17,37,108,2.92,3.29,8.87%,,11-Jan-2026,20,11,31,102,3.29
12-Jan-2026,13,12,25,76,3.04,3.55,12.18%,,12-Jan-2026,13,7,20,71,3.55
13-Jan-2026,23,19,42,132,3.14,3.43,6.92%,,13-Jan-2026,23,14,37,127,3.43
14-Jan-2026,21,8,29,110,3.79,4.38,13.90%,,14-Jan-2026,21,3,24,105,4.38
15-Jan-2026,14,9,23,75,3.26,4.00,17.66%,,15-Jan-2026,14,3,17,68,4.00
16-Jan-2026,23,11,34,117,3.44,4.46,24.34%,,16-Jan-2026,23,1,24,107,4.46
17-Jan-2026,18,15,33,102,3.09,4.14,25.06%,,17-Jan-2026,18,4,22,91,4.14
18-Jan-2026,18,4,22,86,3.91,4.37,11.01%,,18-Jan-2026,18,1,19,83,4.37
19-Jan-2026,17,13,30,89,2.97,3.76,18.95%,,19-Jan-2026,17,4,21,79,3.76
20-Jan-2026,14,15,29,80,2.76,3.45,16.52%,,20-Jan-2026,14,6,20,69,3.45
21-Jan-2026,18,16,34,101,2.97,3.75,18.62%,,21-Jan-2026,18,6,24,90,3.75
22-Jan-2026,24,4,28,121,4.32,4.68,8.57%,,22-Jan-2026,24,1,25,117,4.68
23-Jan-2026,14,12,26,79,3.04,3.52,11.59%,,23-Jan-2026,14,7,21,74,3.52
24-Jan-2026,20,10,30,108,3.60,4.12,12.42%,,24-Jan-2026,20,5,25,103,4.12
25-Jan-2026,9,7,16,52,3.25,3.77,12.40%,,25-Jan-2026,9,4,13,49,3.77
26-Jan-2026,3,15,18,30,1.67,2.00,7.96%,,26-Jan-2026,3,9,12,24,2.00
27-Jan-2026,27,10,37,138,3.73,4.37,15.22%,,27-Jan-2026,27,3,30,131,4.37
28-Jan-2026,25,18,43,136,3.16,3.66,11.88%,,28-Jan-2026,25,10,35,128,3.66
29-Jan-2026,29,7,36,145,4.03,4.60,13.67%,,29-Jan-2026,29,1,30,138,4.60
30-Jan-2026,23,4,27,118,4.37,4.50,3.10%,,30-Jan-2026,23,3,26,117,4.50
31-Jan-2026,19,11,30,100,3.33,4.14,19.18%,,31-Jan-2026,19,3,22,91,4.14
1-Feb-2026,22,9,31,118,3.81,4.35,12.89%,,1-Feb-2026,22,4,26,113,4.35
2-Feb-2026,17,10,27,87,3.22,3.86,15.17%,,2-Feb-2026,17,4,21,81,3.86
