,Date,Total Responden,Total Rating,CSAT [Before]
0,2024-03-01,59,196,3.32
1,2024-03-02,49,162,3.31
2,2024-03-03,40,152,3.80
3,2024-03-04,42,152,3.62
4,2024-03-05,54,190,3.52
5,2024-03-06,49,157,3.20
6,2024-03-07,50,183,3.66
7,2024-03-08,40,154,3.85
8,2024-03-09,47,188,4.00
9,2024-03-10,46,160,3.48
10,2024-03-11,46,147,3.20
11,2024-03-12,46,147,3.20
12,2024-03-13,45,148,3.29
13,2024-03-14,43,163,3.79
14,2024-03-15,41,132,3.22
15,2024-03-16,38,124,3.26
16,2024-03-17,47,155,3.30
17,2024-03-18,51,173,3.39
18,2024-03-19,42,146,3.48
19,2024-03-20,47,174,3.70
20,2024-03-21,49,169,3.45
21,2024-03-22,44,163,3.70
22,2024-03-23,46,169,3.67
23,2024-03-24,32,123,3.84
24,2024-03-25,49,184,3.76
25,2024-03-26,34,130,3.82
26,2024-03-27,52,173,3.33
27,2024-03-28,51,216,4.24
28,2024-03-29,49,168,3.43
29,2024-03-30,46,150,3.26
30,2024-03-31,35,120,3.43
31,2024-04-01,50,165,3.30
32,2024-04-02,58,212,3.66
33,2024-04-03,53,193,3.64
34,2024-04-04,46,170,3.70
35,2024-04-05,53,183,3.45
36,2024-04-06,44,150,3.41
37,2024-04-07,37,148,4.00
38,2024-04-08,39,131,3.36
39,2024-04-09,31,110,3.55
40,2024-04-10,30,114,3.80
41,2024-04-11,24,96,4.00
42,2024-04-12,27,104,3.85
43,2024-04-13,34,120,3.53
44,2024-04-14,27,103,3.81
45,2024-04-15,24,84,3.50
46,2024-04-16,35,127,3.63
47,2024-04-17,34,131,3.85
48,2024-04-18,33,129,3.91
49,2024-04-19,32,106,3.31
50,2024-04-20,37,134,3.62
51,2024-04-21,21,74,3.52
52,2024-04-22,27,108,4.00
53,2024-04-23,29,103,3.55
54,2024-04-24,39,147,3.77
55,2024-04-25,33,109,3.30
56,2024-04-26,53,178,3.36
57,2024-04-27,31,108,3.48
58,2024-04-28,32,117,3.66
59,2024-04-29,45,175,3.89
60,2024-04-30,54,196,3.63
61,2024-05-01,72,253,3.51
62,2024-05-02,56,213,3.80
63,2024-05-03,53,195,3.68
64,2024-05-04,42,157,3.74
65,2024-05-05,53,194,3.66
66,2024-05-06,51,215,4.22
67,2024-05-07,43,154,3.58
68,2024-05-08,58,194,3.06
69,2024-05-09,46,155,3.12
70,2024-05-10,42,136,2.89
71,2024-05-11,45,170,3.64
72,2024-05-12,27,101,3.74
73,2024-05-13,39,147,3.77
74,2024-05-14,44,161,3.66
75,2024-05-15,38,155,4.08
76,2024-05-16,36,137,3.81
77,2024-05-17,49,160,3.27
78,2024-05-18,25,83,3.32
79,2024-05-19,38,139,3.66
80,2024-05-20,44,157,3.57
81,2024-05-21,47,184,3.91
82,2024-05-22,44,171,3.89
83,2024-05-23,52,202,3.88
84,2024-05-24,34,137,4.03
85,2024-05-25,49,193,3.94
86,2024-05-26,41,163,3.98
87,2024-05-27,40,135,3.38
88,2024-05-28,41,155,3.78
89,2024-05-29,38,149,3.92
90,2024-05-30,38,128,3.37
91,2024-05-31,54,196,3.63
92,2024-06-01,57,228,4.00
93,2024-06-02,54,215,3.98
94,2024-06-03,42,130,3.10
95,2024-06-04,47,174,3.70
96,2024-06-05,69,260,3.77
97,2024-06-06,55,207,3.76
98,2024-06-07,56,213,3.80
99,2024-06-08,76,273,3.59
100,2024-06-09,47,185,3.94
101,2024-06-10,57,220,3.86
102,2024-06-11,53,198,3.74
103,2024-06-12,43,127,2.95
104,2024-06-13,55,196,3.56
105,2024-06-14,47,189,4.02
106,2024-06-15,54,222,4.11
107,2024-06-16,57,228,4.00
108,2024-06-17,27,106,3.93
109,2024-06-18,54,205,3.80
110,2024-06-19,69,263,3.81
111,2024-06-20,40,157,3.93
112,2024-06-21,23,71,3.09
113,2024-06-22,26,91,3.50
114,2024-06-23,24,97,4.04
115,2024-06-24,34,113,3.32
116,2024-06-25,61,227,3.72
117,2024-06-26,58,212,3.66
118,2024-06-27,45,179,3.98
119,2024-06-28,43,162,3.77
120,2024-06-29,54,203,3.76
121,2024-06-30,46,186,4.04
122,2024-07-01,50,167,3.34
123,2024-07-02,68,243,3.57
124,2024-07-03,46,161,3.50
125,2024-07-04,41,144,3.51
126,2024-07-05,58,217,3.74
127,2024-07-06,43,175,4.07
128,2024-07-07,49,180,3.67
129,2024-07-08,58,229,3.95
130,2024-07-09,31,108,3.48
131,2024-07-10,31,125,4.03
132,2024-07-11,45,139,3.09
133,2024-07-12,34,115,3.38
134,2024-07-13,27,74,2.74
135,2024-07-14,28,96,3.43
136,2024-07-15,38,120,3.16
137,2024-07-16,50,175,3.50
138,2024-07-17,40,134,3.35
139,2024-07-18,32,114,3.56
140,2024-07-19,36,122,3.39
141,2024-07-20,31,94,3.03
142,2024-07-21,34,125,3.68
143,2024-07-22,39,135,3.46
144,2024-07-23,39,125,3.21
145,2024-07-24,38,123,3.24
146,2024-07-25,34,127,3.74
147,2024-07-26,33,123,3.73
148,2024-07-27,24,87,3.63
149,2024-07-28,28,86,3.07
150,2024-07-29,29,97,3.34
151,2024-07-30,38,133,3.50
152,2024-07-31,35,105,3.00
153,2024-08-01,52,180,3.46
154,2024-08-02,32,116,3.63
155,2024-08-03,33,110,3.33
156,2024-08-04,29,114,3.93
157,2024-08-05,33,132,4.00
158,2024-08-06,43,120,2.79
159,2024-08-07,33,116,3.52
160,2024-08-08,27,82,3.04
161,2024-08-09,27,83,3.07
162,2024-08-10,44,138,3.14
163,2024-08-11,34,109,3.21
164,2024-08-12,38,116,3.05
165,2024-08-13,35,123,3.51
166,2024-08-14,28,82,2.93
167,2024-08-15,29,102,3.52
168,2024-08-16,37,123,3.32
169,2024-08-17,30,87,2.90
170,2024-08-18,22,72,3.27
171,2024-08-19,31,97,3.13
172,2024-08-20,25,93,3.72
173,2024-08-21,41,134,3.27
174,2024-08-22,33,111,3.36
175,2024-08-23,25,84,3.36
176,2024-08-24,31,102,3.29
177,2024-08-25,27,102,3.78
178,2024-08-26,54,196,3.63
179,2024-08-27,69,217,3.14
180,2024-08-28,82,229,2.79
181,2024-08-29,45,170,3.78
182,2024-08-30,28,105,3.75
183,2024-08-31,43,138,3.21
184,2024-09-01,36,134,3.72
185,2024-09-02,36,125,3.47
186,2024-09-03,41,139,3.39
187,2024-09-04,54,199,3.69
188,2024-09-05,48,168,3.50
189,2024-09-06,43,149,3.47
190,2024-09-07,39,139,3.56
191,2024-09-08,28,92,3.29
192,2024-09-09,40,135,3.38
193,2024-09-10,35,111,3.17
194,2024-09-11,28,94,3.36
195,2024-09-12,27,63,2.33
196,2024-09-13,45,158,3.51
197,2024-09-14,40,145,3.63
198,2024-09-15,36,126,3.50
199,2024-09-16,40,142,3.55
200,2024-09-17,35,120,3.43
201,2024-09-18,47,175,3.72
202,2024-09-19,23,83,3.61
203,2024-09-20,39,127,3.26
204,2024-09-21,29,102,3.52
205,2024-09-22,27,99,3.67
206,2024-09-23,28,86,3.07
207,2024-09-24,37,130,3.51
208,2024-09-25,43,156,3.63
209,2024-09-26,35,123,3.51
210,2024-09-27,39,123,3.15
211,2024-09-28,31,110,3.55
212,2024-09-29,32,131,4.09
213,2024-09-30,37,122,3.30
214,2024-10-01,75,258,3.44
215,2024-10-02,37,136,3.68
216,2024-10-03,34,113,3.32
217,2024-10-04,37,139,3.76
218,2024-10-05,44,141,3.20
219,2024-10-06,26,92,3.54
220,2024-10-07,29,113,3.90
221,2024-10-08,32,116,3.63
222,2024-10-09,34,129,3.79
223,2024-10-10,37,143,3.86
224,2024-10-11,31,114,3.68
225,2024-10-12,36,119,3.31
226,2024-10-13,21,72,3.43
227,2024-10-14,24,81,3.38
228,2024-10-15,41,148,3.61
229,2024-10-16,25,75,3.00
230,2024-10-17,31,106,3.42
231,2024-10-18,26,88,3.38
232,2024-10-19,33,130,3.94
233,2024-10-20,28,105,3.75
234,2024-10-21,27,102,3.78
235,2024-10-22,36,116,3.22
236,2024-10-23,36,129,3.58
237,2024-10-24,28,105,3.75
238,2024-10-25,34,119,3.50
239,2024-10-26,31,123,3.97
240,2024-10-27,34,135,3.97
241,2024-10-28,37,113,3.05
242,2024-10-29,37,142,3.84
243,2024-10-30,36,129,3.58
244,2024-10-31,39,131,3.36
245,2024-11-01,37,145,3.92
246,2024-11-02,26,95,3.65
247,2024-11-03,42,151,3.60
248,2024-11-04,49,181,3.69
249,2024-11-05,50,184,3.68
250,2024-11-06,44,165,3.75
251,2024-11-07,31,102,3.29
252,2024-11-08,44,156,3.55
253,2024-11-09,37,133,3.59
254,2024-11-10,40,136,3.40
255,2024-11-11,28,97,3.46
256,2024-11-12,25,95,3.80
257,2024-11-13,34,130,3.82
258,2024-11-14,27,91,3.37
259,2024-11-15,40,138,3.45
260,2024-11-16,30,121,4.03
261,2024-11-17,22,99,4.50
262,2024-11-18,28,102,3.64
263,2024-11-19,39,129,3.31
264,2024-11-20,39,142,3.64
265,2024-11-21,34,132,3.88
266,2024-11-22,27,89,3.30
267,2024-11-23,24,82,3.42
268,2024-11-24,31,119,3.84
269,2024-11-25,25,94,3.76
270,2024-11-26,31,127,4.10
271,2024-11-27,24,90,3.75
272,2024-11-28,31,107,3.45
273,2024-11-29,38,116,3.05
274,2024-11-30,21,70,3.33
275,2024-12-01,31,104,3.35
276,2024-12-02,67,257,3.84
277,2024-12-03,46,179,3.89
278,2024-12-04,28,103,3.68
279,2024-12-05,37,124,3.35
280,2024-12-06,36,131,3.64
281,2024-12-07,31,111,3.58
282,2024-12-08,41,142,3.46
283,2024-12-09,19,66,3.47
284,2024-12-10,32,104,3.25
285,2024-12-11,41,155,3.78
286,2024-12-12,36,130,3.61
287,2024-12-13,27,106,3.93
288,2024-12-14,19,66,3.47
289,2024-12-15,30,94,3.13
290,2024-12-16,37,138,3.73
291,2024-12-17,26,95,3.65
292,2024-12-18,33,130,3.94
293,2024-12-19,40,133,3.33
294,2024-12-20,27,111,4.11
295,2024-12-21,38,133,3.50
296,2024-12-22,25,87,3.48
297,2024-12-23,47,163,3.47
298,2024-12-24,44,146,3.32
299,2024-12-25,37,138,3.73
300,2024-12-26,34,123,3.62
301,2024-12-27,35,117,3.34
302,2024-12-28,30,108,3.60
303,2024-12-29,37,130,3.51
304,2024-12-30,28,89,3.18
305,2024-12-31,38,145,3.82
306,2025-01-01,55,183,3.33
307,2025-01-02,42,153,3.64
308,2025-01-03,53,197,3.72
309,2025-01-04,48,161,3.35
310,2025-01-05,34,112,3.29
311,2025-01-06,60,200,3.33
312,2025-01-07,78,280,3.59
313,2025-01-08,115,408,3.55
314,2025-01-09,105,349,3.32
315,2025-01-10,65,234,3.60
316,2025-01-11,37,131,3.54
317,2025-01-12,50,173,3.46
318,2025-01-13,57,194,3.40
319,2025-01-14,34,122,3.59
320,2025-01-15,40,137,3.43
321,2025-01-16,36,131,3.64
322,2025-01-17,26,91,3.50
323,2025-01-18,26,90,3.46
324,2025-01-19,19,85,4.47
325,2025-01-20,29,96,3.31
326,2025-01-21,27,104,3.85
327,2025-01-22,34,126,3.71
328,2025-01-23,23,74,3.22
329,2025-01-24,28,95,3.39
330,2025-01-25,36,118,3.28
331,2025-01-26,26,86,3.31
332,2025-01-27,30,101,3.37
333,2025-01-28,27,81,3.00
334,2025-01-29,26,100,3.85
335,2025-01-30,34,115,3.38
336,2025-01-31,37,140,3.78
337,2025-02-01,45,151,3.36
338,2025-02-02,34,130,3.82
339,2025-02-03,39,150,3.85
340,2025-02-04,51,179,3.51
341,2025-02-05,44,167,3.80
342,2025-02-06,41,137,3.34
343,2025-02-07,31,118,3.81
344,2025-02-08,27,78,2.89
345,2025-02-09,28,100,3.57
346,2025-02-10,28,73,2.61
347,2025-02-11,44,162,3.68
348,2025-02-12,33,107,3.24
349,2025-02-13,38,146,3.84
350,2025-02-14,28,107,3.82
351,2025-02-15,25,65,2.60
352,2025-02-16,22,73,3.32
353,2025-02-17,31,113,3.65
354,2025-02-18,21,79,3.76
355,2025-02-19,26,89,3.42
356,2025-02-20,23,57,2.48
357,2025-02-21,23,77,3.35
358,2025-02-22,33,124,3.76
359,2025-02-23,22,70,3.18
360,2025-02-24,26,95,3.65
361,2025-02-25,36,122,3.39
362,2025-02-26,29,117,4.03
363,2025-02-27,28,98,3.50
364,2025-02-28,33,104,3.15
365,2025-03-01,26,102,3.92
366,2025-03-02,30,96,3.20
367,2025-03-03,35,108,3.09
368,2025-03-04,44,149,3.39
369,2025-03-05,39,130,3.33
370,2025-03-06,23,59,2.57
371,2025-03-07,18,67,3.72
372,2025-03-08,21,75,3.57
373,2025-03-09,21,78,3.71
374,2025-03-10,34,122,3.59
375,2025-03-11,50,169,3.38
376,2025-03-12,77,221,2.87
377,2025-03-13,26,86,3.31
378,2025-03-14,26,86,3.31
379,2025-03-15,32,123,3.84
380,2025-03-16,19,62,3.26
381,2025-03-17,24,77,3.21
382,2025-03-18,18,54,3.00
383,2025-03-19,28,96,3.43
384,2025-03-20,53,149,2.81
385,2025-03-21,93,291,3.13
386,2025-03-22,21,78,3.71
387,2025-03-23,22,70,3.18
388,2025-03-24,22,77,3.50
389,2025-03-25,24,87,3.63
390,2025-03-26,33,106,3.21
391,2025-03-27,32,120,3.75
392,2025-03-28,39,145,3.72
393,2025-03-29,23,74,3.22
394,2025-03-30,18,63,3.50
395,2025-03-31,17,58,3.41
396,2025-04-01,19,61,3.21
397,2025-04-02,21,68,3.24
398,2025-04-03,17,41,2.41
399,2025-04-04,24,81,3.38
400,2025-04-05,26,84,3.23
401,2025-04-06,33,121,3.67
402,2025-04-07,32,107,3.34
403,2025-04-08,26,96,3.69
404,2025-04-09,22,56,2.55
405,2025-04-10,22,78,3.55
406,2025-04-11,28,98,3.50
407,2025-04-12,26,90,3.46
408,2025-04-13,27,87,3.22
409,2025-04-14,21,89,4.24
410,2025-04-15,21,78,3.71
411,2025-04-16,24,82,3.42
412,2025-04-17,19,68,3.58
413,2025-04-18,23,80,3.48
414,2025-04-19,21,75,3.57
415,2025-04-20,27,89,3.30
416,2025-04-21,24,81,3.38
417,2025-04-22,22,82,3.73
418,2025-04-23,30,115,3.83
419,2025-04-24,21,76,3.62
420,2025-04-25,20,65,3.25
421,2025-04-26,24,71,2.96
422,2025-04-27,17,65,3.82
423,2025-04-28,36,135,3.75
424,2025-04-29,18,77,4.28
425,2025-04-30,29,121,4.17
426,2025-05-01,40,131,3.28
427,2025-05-02,31,114,3.68
428,2025-05-03,27,94,3.48
429,2025-05-04,17,64,3.76
430,2025-05-15,28,86,3.07
431,2025-05-16,20,71,3.55
432,2025-05-17,29,83,2.86
433,2025-05-18,38,145,3.82
434,2025-05-19,40,157,3.93
435,2025-05-20,35,114,3.26
436,2025-05-21,33,114,3.45
437,2025-05-22,23,88,3.83
438,2025-05-23,28,93,3.32
439,2025-05-24,23,66,2.87
440,2025-05-25,20,57,2.85
441,2025-05-26,55,207,3.76
442,2025-05-27,39,145,3.72
443,2025-05-28,29,109,3.76
444,2025-05-29,21,81,3.86
445,2025-05-30,29,103,3.55
446,2025-05-31,25,80,3.20
447,2025-06-01,34,129,3.79
448,2025-06-02,47,184,3.91
449,2025-06-03,56,210,3.75
450,2025-06-04,55,201,3.65
451,2025-06-05,34,115,3.38
452,2025-06-06,25,85,3.40
453,2025-06-07,24,77,3.21
454,2025-06-08,29,116,4.00
455,2025-06-09,30,124,4.13
456,2025-06-10,40,154,3.85
457,2025-06-11,31,128,4.13
458,2025-06-12,32,118,3.69
459,2025-06-13,31,100,3.23
460,2025-06-14,28,106,3.79
461,2025-06-15,38,122,3.21
462,2025-06-16,31,106,3.42
463,2025-06-17,22,67,3.05
464,2025-06-18,21,91,4.33
465,2025-06-19,25,87,3.48
466,2025-06-20,31,107,3.45
467,2025-06-21,26,75,2.88
468,2025-06-22,32,101,3.16
469,2025-06-23,52,196,3.77
470,2025-06-24,22,69,3.14
471,2025-06-25,56,207,3.70
472,2025-06-26,30,88,2.93
473,2025-06-27,36,114,3.17
474,2025-06-28,22,85,3.86
475,2025-06-29,27,98,3.63
476,2025-06-30,51,189,3.71
477,2025-07-01,57,179,3.14
478,2025-07-02,45,131,2.91
479,2025-07-03,44,136,3.09
480,2025-07-04,37,117,3.16
481,2025-07-05,65,170,2.62
482,2025-07-06,49,127,2.59
483,2025-07-07,36,116,3.22
484,2025-07-08,46,156,3.39
485,2025-07-09,32,115,3.59
486,2025-07-10,18,68,3.78
487,2025-07-11,45,147,3.27
488,2025-07-12,38,137,3.61
489,2025-07-13,42,152,3.62
490,2025-07-14,41,128,3.12
491,2025-07-15,30,87,2.90
492,2025-07-16,46,165,3.59
493,2025-07-17,21,60,2.86
494,2025-07-18,33,114,3.45
495,2025-07-19,30,89,2.97
496,2025-07-20,34,118,3.47
497,2025-07-21,38,137,3.61
498,2025-07-22,14,40,2.86
499,2025-07-23,28,75,2.68
500,2025-07-24,34,121,3.56
501,2025-07-25,39,128,3.28
502,2025-07-26,37,94,2.54
503,2025-07-27,32,110,3.44
504,2025-07-28,33,107,3.24
505,2025-07-29,40,136,3.40
506,2025-07-30,28,84,3.00
507,2025-07-31,40,134,3.35
508,2025-08-01,36,118,3.28
509,2025-08-02,36,106,2.94
510,2025-08-03,28,86,3.07
511,2025-08-04,33,103,3.12
512,2025-08-05,38,146,3.84
513,2025-08-06,35,128,3.66
514,2025-08-07,35,105,3.00
515,2025-08-08,18,62,3.44
516,2025-08-09,22,79,3.59
517,2025-08-10,28,100,3.57
518,2025-08-11,34,126,3.71
519,2025-08-12,32,103,3.22
520,2025-08-13,22,85,3.86
521,2025-08-14,31,111,3.58
522,2025-08-15,37,103,2.78
523,2025-08-16,30,84,2.80
524,2025-08-17,20,75,3.75
525,2025-08-18,23,82,3.57
526,2025-08-19,25,91,3.64
527,2025-08-20,29,94,3.24
528,2025-08-21,20,69,3.45
529,2025-08-22,35,123,3.51
530,2025-08-23,26,87,3.35
531,2025-08-24,25,95,3.80
532,2025-08-25,33,116,3.52
533,2025-08-26,38,118,3.11
534,2025-08-27,23,79,3.43
535,2025-08-28,28,75,2.68
536,2025-08-29,33,105,3.18
537,2025-08-30,21,69,3.29
538,2025-08-31,28,94,3.36
539,2025-09-01,31,93,3.00
540,2025-09-02,29,95,3.28
541,2025-09-03,31,111,3.58
542,2025-09-04,32,100,3.13
543,2025-09-05,29,97,3.34
544,2025-09-06,25,83,3.32
545,2025-09-07,39,133,3.41
546,2025-09-08,27,90,3.33
547,2025-09-09,27,93,3.44
548,2025-09-10,23,70,3.04
549,2025-09-11,47,160,3.40
550,2025-09-12,19,55,2.89
551,2025-09-13,24,66,2.75
552,2025-09-14,26,87,3.35
553,2025-09-15,38,136,3.58
554,2025-09-16,26,92,3.54
555,2025-09-17,32,102,3.19
556,2025-09-18,25,78,3.12
557,2025-09-19,20,62,3.10
558,2025-09-20,28,85,3.04
559,2025-09-21,28,97,3.46
560,2025-09-22,34,114,3.35
561,2025-09-23,25,87,3.48
562,2025-09-24,33,95,2.88
563,2025-09-25,44,135,3.07
564,2025-09-26,28,96,3.43
565,2025-09-27,21,79,3.76
566,2025-09-28,26,82,3.15
567,2025-09-29,30,76,2.53
568,2025-09-30,33,103,3.12
569,2025-10-01,37,106,2.86
570,2025-10-02,38,106,2.79
571,2025-10-03,34,106,3.12
572,2025-10-04,34,104,3.06
573,2025-10-05,24,66,2.75
574,2025-10-06,32,115,3.59
575,2025-10-07,21,73,3.48
576,2025-10-08,33,100,3.03
577,2025-10-09,19,63,3.32
578,2025-10-10,21,80,3.81
579,2025-10-11,24,78,3.25
580,2025-10-12,27,91,3.37
581,2025-10-13,34,95,2.79
582,2025-10-14,25,91,3.64
583,2025-10-15,32,104,3.25
584,2025-10-16,23,94,4.09
585,2025-10-17,19,71,3.74
586,2025-10-18,14,61,4.36
587,2025-10-19,28,76,2.71
588,2025-10-20,28,106,3.79
589,2025-10-21,24,97,4.04
590,2025-10-22,33,117,3.55
591,2025-10-23,29,104,3.59
592,2025-10-24,24,79,3.29
593,2025-10-25,17,66,3.88
594,2025-10-26,31,108,3.48
595,2025-10-27,28,105,3.75
596,2025-10-28,37,146,3.95
597,2025-10-29,20,74,3.70
598,2025-10-30,22,82,3.73
599,2025-10-31,25,93,3.72
600,2025-11-01,40,139,3.48
601,2025-11-02,34,117,3.44
602,2025-11-03,21,72,3.43
603,2025-11-04,33,92,2.79
604,2025-11-05,24,80,3.33
605,2025-11-06,28,95,3.39
606,2025-11-07,33,135,4.09
607,2025-11-08,24,89,3.71
608,2025-11-09,17,50,2.94
609,2025-11-10,31,93,3.00
610,2025-11-11,25,92,3.68
611,2025-11-12,21,71,3.38
612,2025-11-13,21,71,3.38
613,2025-11-14,23,78,3.39
614,2025-11-15,16,44,2.75
615,2025-11-16,24,69,2.88
616,2025-11-17,37,124,3.35
617,2025-11-18,27,77,2.85
618,2025-11-19,21,78,3.71
619,2025-11-20,22,70,3.18
620,2025-11-21,28,102,3.64
621,2025-11-22,30,98,3.27
622,2025-11-23,19,49,2.58
623,2025-11-24,41,121,2.95
624,2025-11-25,34,114,3.35
625,2025-11-26,32,98,3.06
626,2025-11-27,14,56,4.00
627,2025-11-28,67,248,3.70
628,2025-11-29,44,150,3.41
629,2025-11-30,31,93,3.00
630,2025-12-01,41,133,3.24
631,2025-12-02,34,125,3.68
632,2025-12-03,42,127,3.02
633,2025-12-04,34,136,4.00
634,2025-12-05,27,88,3.26
635,2025-12-06,31,106,3.42
636,2025-12-07,24,85,3.54
637,2025-12-08,21,59,2.81
638,2025-12-09,19,68,3.58
639,2025-12-10,35,118,3.37
640,2025-12-11,24,82,3.42
641,2025-12-12,29,76,2.62
642,2025-12-13,30,101,3.37
643,2025-12-14,28,91,3.25
644,2025-12-15,21,66,3.14
645,2025-12-16,24,88,3.67
646,2025-12-17,24,78,3.25
647,2025-12-18,33,110,3.33
648,2025-12-19,25,101,4.04
649,2025-12-20,41,140,3.41
650,2025-12-21,31,104,3.35
651,2025-12-22,25,86,3.44
652,2025-12-23,27,102,3.78
653,2025-12-24,24,90,3.75
654,2025-12-25,20,43,2.15
655,2025-12-26,28,78,2.79
656,2025-12-27,21,60,2.86
657,2025-12-28,30,85,2.83
658,2025-12-29,27,104,3.85
659,2025-12-30,26,87,3.35
660,2025-12-31,17,53,3.12
661,2026-01-01,31,96,3.10
662,2026-01-02,52,165,3.17
663,2026-01-03,71,226,3.18
664,2026-01-04,21,79,3.76
665,2026-01-05,26,86,3.31
666,2026-01-06,38,143,3.76
667,2026-01-07,27,84,3.11
668,2026-01-08,16,55,3.44
669,2026-01-09,32,114,3.56
670,2026-01-10,27,89,3.30
671,2026-01-11,37,108,2.92
672,2026-01-12,25,76,3.04
673,2026-01-13,42,132,3.14
674,2026-01-14,29,110,3.79
675,2026-01-15,23,75,3.26
676,2026-01-16,34,117,3.44
677,2026-01-17,33,102,3.09
678,2026-01-18,22,86,3.91
679,2026-01-19,30,89,2.97
680,2026-01-20,29,80,2.76
681,2026-01-21,34,101,2.97
682,2026-01-22,28,121,4.32
683,2026-01-23,26,79,3.04
684,2026-01-24,30,108,3.60
685,2026-01-25,16,52,3.25
686,2026-01-26,18,30,1.67
687,2026-01-27,37,138,3.73
688,2026-01-28,43,136,3.16
689,2026-01-29,36,145,4.03
690,2026-01-30,27,118,4.37
691,2026-01-31,30,100,3.33
692,2026-02-01,31,118,3.81
693,2026-02-02,27,87,3.22
694,2026-02-03,36,136,3.78
695,2026-02-04,23,67,2.91
696,2026-02-05,29,100,3.45
697,2026-02-06,33,112,3.39
698,2026-02-07,21,71,3.38
699,2026-02-08,26,92,3.54
700,2026-02-09,19,60,3.16
701,2026-02-10,29,92,3.17
702,2026-02-11,23,87,3.78
703,2026-02-12,19,74,3.89
704,2026-02-13,17,67,3.94
705,2026-02-14,20,83,4.15
706,2026-02-15,35,105,3.00
707,2026-02-16,19,62,3.26
708,2026-02-17,30,88,2.93
709,2026-02-18,19,59,3.11
710,2026-02-19,18,53,2.94
711,2026-02-20,20,71,3.55
712,2026-02-21,23,81,3.52
713,2026-02-22,23,58,2.52
714,2026-02-23,14,47,3.36
715,2026-02-24,33,114,3.45
716,2026-02-25,35,85,2.43
717,2026-02-26,33,102,3.09
718,2026-02-27,29,86,2.97
719,2026-02-28,35,118,3.37
720,2026-03-01,38,135,3.55
721,2026-03-02,30,111,3.70
722,2026-03-03,30,112,3.73
723,2026-03-04,16,55,3.44
724,2026-03-05,26,78,3.00
725,2026-03-06,37,107,2.89
726,2026-03-07,28,77,2.75
727,2026-03-08,43,103,2.40
728,2026-03-09,35,107,3.06
729,2026-03-10,16,42,2.63
730,2026-03-11,20,63,3.15
731,2026-03-12,26,90,3.46
732,2026-03-13,22,52,2.36
733,2026-03-14,22,77,3.50
734,2026-03-15,23,92,4.00
735,2026-03-16,24,88,3.67
736,2026-03-17,31,90,2.90
737,2026-03-18,16,56,3.50
738,2026-03-19,19,66,3.47
739,2026-03-20,16,46,2.88
740,2026-03-21,23,76,3.30
741,2026-03-22,18,66,3.67
742,2026-03-23,15,54,3.60
743,2026-03-24,27,114,4.22
744,2026-03-25,29,81,2.79
745,2026-03-26,36,129,3.58
746,2026-03-27,25,67,2.68
747,2026-03-28,20,74,3.70
748,2026-03-29,28,76,2.71
749,2026-03-30,39,121,3.10
750,2026-03-31,38,139,3.66
751,2026-04-01,26,83,3.19
752,2026-04-02,35,106,3.03
753,2026-04-03,28,101,3.61
754,2026-04-04,24,63,2.63
755,2026-04-05,21,63,3.00
756,2026-04-06,33,112,3.39
757,2026-04-07,18,60,3.33
758,2026-04-08,25,87,3.48
759,2026-04-09,29,82,2.83
760,2026-04-10,32,115,3.59
761,2026-04-11,24,69,2.88
762,2026-04-12,34,102,3.00
763,2026-04-13,33,96,2.91
764,2026-04-14,31,96,3.10
765,2026-04-15,26,89,3.42
766,2026-04-16,31,110,3.55
767,2026-04-17,33,103,3.12
768,2026-04-18,19,88,4.63
769,2026-04-19,21,81,3.86
770,2026-04-20,35,103,2.94
771,2026-04-21,21,71,3.38
772,2026-04-22,23,78,3.39
773,2026-04-23,28,95,3.39
774,2026-04-24,28,83,2.96
775,2026-04-25,23,68,2.96
776,2026-04-26,26,86,3.31
777,2026-04-27,18,51,2.83
778,2026-04-28,17,58,3.41
779,2026-04-29,25,79,3.16
780,2026-04-30,25,73,2.92
781,2026-05-01,27,92,3.41
782,2026-05-02,27,85,3.15
783,2026-05-03,31,86,2.77
784,2026-05-04,29,112,3.86
785,2026-05-05,31,110,3.55
786,2026-05-06,35,111,3.17
787,2026-05-07,27,96,3.56
788,2026-05-08,38,118,3.11
789,2026-05-09,35,119,3.40
790,2026-05-10,26,88,3.38
791,2026-05-11,28,98,3.50
792,2026-05-12,25,67,2.68
793,2026-05-13,27,94,3.48
794,2026-05-14,43,144,3.35
795,2026-05-15,23,71,3.09
796,2026-05-16,19,74,3.89
797,2026-05-17,20,65,3.25
798,2026-05-18,18,62,3.44
799,2026-05-19,23,85,3.70
800,2026-05-20,26,93,3.58
801,2026-05-21,11,27,2.45
802,2026-05-22,24,69,2.88
803,2026-05-23,18,61,3.39
804,2026-05-24,21,92,4.38
805,2026-05-25,30,99,3.30
806,2026-05-26,28,104,3.71
807,2026-05-27,46,158,3.43
808,2026-05-28,105,294,2.80
809,2026-05-29,28,104,3.71
810,2026-05-30,26,84,3.23
811,2026-05-31,33,126,3.82
812,2026-06-01,24,87,3.63
813,2026-06-02,32,111,3.47
814,2026-06-03,28,94,3.36
815,2026-06-04,32,109,3.41
816,2026-06-05,31,111,3.58
817,2026-06-06,34,105,3.09
818,2026-06-07,29,95,3.28
819,2026-06-08,26,65,2.50
820,2026-06-09,43,132,3.07
821,2026-06-10,23,87,3.78
822,2026-06-11,20,61,3.05
823,2026-06-12,26,110,4.23
824,2026-06-13,17,68,4.00
825,2026-06-14,10,38,3.80
826,2026-06-15,31,124,4.00
827,2026-06-16,26,76,2.92
828,2026-06-17,25,93,3.72
829,2026-06-18,15,40,2.67
830,2026-06-19,15,60,4.00
831,2026-06-20,21,61,2.90
832,2026-06-21,13,35,2.69
