,Date,Total Responden,Total Rating,CSAT [Before],CSAT [After]
0,2024-03-01,59,196,3.32,3.68
1,2024-03-02,49,162,3.31,3.67
2,2024-03-03,40,152,3.80,3.95
3,2024-03-04,42,152,3.62,3.97
4,2024-03-05,54,190,3.52,3.65
5,2024-03-06,49,157,3.20,3.68
6,2024-03-07,50,183,3.66,4.00
7,2024-03-08,40,154,3.85,4.00
8,2024-03-09,47,188,4.00,4.20
9,2024-03-10,46,160,3.48,3.90
10,2024-03-11,46,147,3.20,3.33
11,2024-03-12,46,147,3.20,3.46
12,2024-03-13,45,148,3.29,3.58
13,2024-03-14,43,163,3.79,3.86
14,2024-03-15,41,132,3.22,3.28
15,2024-03-16,38,124,3.26,3.46
16,2024-03-17,47,155,3.30,3.89
17,2024-03-18,51,173,3.39,3.45
18,2024-03-19,42,146,3.48,3.67
19,2024-03-20,47,174,3.70,3.70
20,2024-03-21,49,169,3.45,3.67
21,2024-03-22,44,163,3.70,3.90
22,2024-03-23,46,169,3.67,3.81
23,2024-03-24,32,123,3.84,4.03
24,2024-03-25,49,184,3.76,3.91
25,2024-03-26,34,130,3.82,4.13
26,2024-03-27,52,173,3.33,3.47
27,2024-03-28,51,216,4.24,4.44
28,2024-03-29,49,168,3.43,3.70
29,2024-03-30,46,150,3.26,3.67
30,2024-03-31,35,120,3.43,3.83
31,2024-04-01,50,165,3.30,3.65
32,2024-04-02,58,212,3.66,3.81
33,2024-04-03,53,193,3.64,3.81
34,2024-04-04,46,170,3.70,3.76
35,2024-04-05,53,183,3.45,3.71
36,2024-04-06,44,150,3.41,3.52
37,2024-04-07,37,148,4.00,4.17
38,2024-04-08,39,131,3.36,3.68
39,2024-04-09,31,110,3.55,3.63
40,2024-04-10,30,114,3.80,4.00
41,2024-04-11,24,96,4.00,4.13
42,2024-04-12,27,104,3.85,4.21
43,2024-04-13,34,120,3.53,3.77
44,2024-04-14,27,103,3.81,4.17
45,2024-04-15,24,84,3.50,3.86
46,2024-04-16,35,127,3.63,3.81
47,2024-04-17,34,131,3.85,4.03
48,2024-04-18,33,129,3.91,4.17
49,2024-04-19,32,106,3.31,3.47
50,2024-04-20,37,134,3.62,3.91
51,2024-04-21,21,74,3.52,3.65
52,2024-04-22,27,108,4.00,4.39
53,2024-04-23,29,103,3.55,3.55
54,2024-04-24,39,147,3.77,4.16
55,2024-04-25,33,109,3.30,3.50
56,2024-04-26,53,178,3.36,3.40
57,2024-04-27,31,108,3.48,3.81
58,2024-04-28,32,117,3.66,4.19
59,2024-04-29,45,175,3.89,4.10
60,2024-04-30,54,196,3.63,3.66
61,2024-05-01,72,253,3.51,3.61
62,2024-05-02,56,213,3.80,3.91
63,2024-05-03,53,195,3.68,3.84
64,2024-05-04,42,157,3.74,3.92
65,2024-05-05,53,194,3.66,3.85
66,2024-05-06,51,215,4.22,4.40
67,2024-05-07,43,154,3.58,3.85
68,2024-05-08,58,194,3.06,3.47
69,2024-05-09,46,155,3.12,3.84
70,2024-05-10,42,136,2.89,3.61
71,2024-05-11,45,170,3.64,4.02
72,2024-05-12,27,101,3.74,4.22
73,2024-05-13,39,147,3.77,3.86
74,2024-05-14,44,161,3.66,3.85
75,2024-05-15,38,155,4.08,4.34
76,2024-05-16,36,137,3.81,3.91
77,2024-05-17,49,160,3.27,3.44
78,2024-05-18,25,83,3.32,3.39
79,2024-05-19,38,139,3.66,3.70
80,2024-05-20,44,157,3.57,3.90
81,2024-05-21,47,184,3.91,4.14
82,2024-05-22,44,171,3.89,4.02
83,2024-05-23,52,202,3.88,4.00
84,2024-05-24,34,137,4.03,4.30
85,2024-05-25,49,193,3.94,4.26
86,2024-05-26,41,163,3.98,4.36
87,2024-05-27,40,135,3.38,3.57
88,2024-05-28,41,155,3.78,3.92
89,2024-05-29,38,149,3.92,4.24
90,2024-05-30,38,128,3.37,3.65
91,2024-05-31,54,196,3.63,3.83
92,2024-06-01,57,228,4.00,4.13
93,2024-06-02,54,215,3.98,4.30
94,2024-06-03,42,130,3.10,3.32
95,2024-06-04,47,174,3.70,4.23
96,2024-06-05,69,260,3.77,4.23
97,2024-06-06,55,207,3.76,3.94
98,2024-06-07,56,213,3.80,3.87
99,2024-06-08,76,273,3.59,4.29
100,2024-06-09,47,185,3.94,4.36
101,2024-06-10,57,220,3.86,4.02
102,2024-06-11,53,198,3.74,4.00
103,2024-06-12,43,127,2.95,3.63
104,2024-06-13,55,196,3.56,3.86
105,2024-06-14,47,189,4.02,4.11
106,2024-06-15,54,222,4.11,4.53
107,2024-06-16,57,228,4.00,4.48
108,2024-06-17,27,106,3.93,4.36
109,2024-06-18,54,205,3.80,4.22
110,2024-06-19,69,263,3.81,4.15
111,2024-06-20,40,157,3.93,4.31
112,2024-06-21,23,71,3.09,3.53
113,2024-06-22,26,91,3.50,3.78
114,2024-06-23,24,97,4.04,4.13
115,2024-06-24,34,113,3.32,3.79
116,2024-06-25,61,227,3.72,3.91
117,2024-06-26,58,212,3.66,3.96
118,2024-06-27,45,179,3.98,4.41
119,2024-06-28,43,162,3.77,4.03
120,2024-06-29,54,203,3.76,4.02
121,2024-06-30,46,186,4.04,4.33
122,2024-07-01,50,167,3.34,3.52
123,2024-07-02,68,243,3.57,3.97
124,2024-07-03,46,161,3.50,3.88
125,2024-07-04,41,144,3.51,3.91
126,2024-07-05,58,217,3.74,4.06
127,2024-07-06,43,175,4.07,4.67
128,2024-07-07,49,180,3.67,4.31
129,2024-07-08,58,229,3.95,4.29
130,2024-07-09,31,108,3.48,4.04
131,2024-07-10,31,125,4.03,4.24
132,2024-07-11,45,139,3.09,3.45
133,2024-07-12,34,115,3.38,4.00
134,2024-07-13,27,74,2.74,2.88
135,2024-07-14,28,96,3.43,3.72
136,2024-07-15,38,120,3.16,3.79
137,2024-07-16,50,175,3.50,3.84
138,2024-07-17,40,134,3.35,3.85
139,2024-07-18,32,114,3.56,3.83
140,2024-07-19,36,122,3.39,3.77
141,2024-07-20,31,94,3.03,3.48
142,2024-07-21,34,125,3.68,3.76
143,2024-07-22,39,135,3.46,3.74
144,2024-07-23,39,125,3.21,4.11
145,2024-07-24,38,123,3.24,3.58
146,2024-07-25,34,127,3.74,4.00
147,2024-07-26,33,123,3.73,4.14
148,2024-07-27,24,87,3.63,3.90
149,2024-07-28,28,86,3.07,3.52
150,2024-07-29,29,97,3.34,3.72
151,2024-07-30,38,133,3.50,3.88
152,2024-07-31,35,105,3.00,3.56
153,2024-08-01,52,180,3.46,3.70
154,2024-08-02,32,116,3.63,4.11
155,2024-08-03,33,110,3.33,3.96
156,2024-08-04,29,114,3.93,4.36
157,2024-08-05,33,132,4.00,4.30
158,2024-08-06,43,120,2.79,3.00
159,2024-08-07,33,116,3.52,4.19
160,2024-08-08,27,82,3.04,3.29
161,2024-08-09,27,83,3.07,3.24
162,2024-08-10,44,138,3.14,3.63
163,2024-08-11,34,109,3.21,4.00
164,2024-08-12,38,116,3.05,3.75
165,2024-08-13,35,123,3.51,3.84
166,2024-08-14,28,82,2.93,3.04
167,2024-08-15,29,102,3.52,3.81
168,2024-08-16,37,123,3.32,4.11
169,2024-08-17,30,87,2.90,3.89
170,2024-08-18,22,72,3.27,3.63
171,2024-08-19,31,97,3.13,3.67
172,2024-08-20,25,93,3.72,3.91
173,2024-08-21,41,134,3.27,3.88
174,2024-08-22,33,111,3.36,3.79
175,2024-08-23,25,84,3.36,3.46
176,2024-08-24,31,102,3.29,4.04
177,2024-08-25,27,102,3.78,4.57
178,2024-08-26,54,196,3.63,4.00
179,2024-08-27,69,217,3.14,3.49
180,2024-08-28,82,229,2.79,3.16
181,2024-08-29,45,170,3.78,4.05
182,2024-08-30,28,105,3.75,3.75
183,2024-08-31,43,138,3.21,3.57
184,2024-09-01,36,134,3.72,3.97
185,2024-09-02,36,125,3.47,3.97
186,2024-09-03,41,139,3.39,3.62
187,2024-09-04,54,199,3.69,4.02
188,2024-09-05,48,168,3.50,3.77
189,2024-09-06,43,149,3.47,3.94
190,2024-09-07,39,139,3.56,3.86
191,2024-09-08,28,92,3.29,3.91
192,2024-09-09,40,135,3.38,4.06
193,2024-09-10,35,111,3.17,3.38
194,2024-09-11,28,94,3.36,3.95
195,2024-09-12,27,63,2.33,3.06
196,2024-09-13,45,158,3.51,3.73
197,2024-09-14,40,145,3.63,3.81
198,2024-09-15,36,126,3.50,3.90
199,2024-09-16,40,142,3.55,4.19
200,2024-09-17,35,120,3.43,4.00
201,2024-09-18,47,175,3.72,4.41
202,2024-09-19,23,83,3.61,3.86
203,2024-09-20,39,127,3.26,4.03
204,2024-09-21,29,102,3.52,4.13
205,2024-09-22,27,99,3.67,4.50
206,2024-09-23,28,86,3.07,3.67
207,2024-09-24,37,130,3.51,4.07
208,2024-09-25,43,156,3.63,4.14
209,2024-09-26,35,123,3.51,3.81
210,2024-09-27,39,123,3.15,3.80
211,2024-09-28,31,110,3.55,4.29
212,2024-09-29,32,131,4.09,4.41
213,2024-09-30,37,122,3.30,4.00
214,2024-10-01,75,258,3.44,4.05
215,2024-10-02,37,136,3.68,4.19
216,2024-10-03,34,113,3.32,3.72
217,2024-10-04,37,139,3.76,4.16
218,2024-10-05,44,141,3.20,4.00
219,2024-10-06,26,92,3.54,4.20
220,2024-10-07,29,113,3.90,4.23
221,2024-10-08,32,116,3.63,4.11
222,2024-10-09,34,129,3.79,3.88
223,2024-10-10,37,143,3.86,4.21
224,2024-10-11,31,114,3.68,4.07
225,2024-10-12,36,119,3.31,3.96
226,2024-10-13,21,72,3.43,4.33
227,2024-10-14,24,81,3.38,4.00
228,2024-10-15,41,148,3.61,3.94
229,2024-10-16,25,75,3.00,3.27
230,2024-10-17,31,106,3.42,3.59
231,2024-10-18,26,88,3.38,3.95
232,2024-10-19,33,130,3.94,4.46
233,2024-10-20,28,105,3.75,3.85
234,2024-10-21,27,102,3.78,4.13
235,2024-10-22,36,116,3.22,3.58
236,2024-10-23,36,129,3.58,4.00
237,2024-10-24,28,105,3.75,4.21
238,2024-10-25,34,119,3.50,4.00
239,2024-10-26,31,123,3.97,4.25
240,2024-10-27,34,135,3.97,4.37
241,2024-10-28,37,113,3.05,3.38
242,2024-10-29,37,142,3.84,4.43
243,2024-10-30,36,129,3.58,4.03
244,2024-10-31,39,131,3.36,4.00
245,2024-11-01,37,145,3.92,4.09
246,2024-11-02,26,95,3.65,4.14
247,2024-11-03,42,151,3.60,3.87
248,2024-11-04,49,181,3.69,4.00
249,2024-11-05,50,184,3.68,4.09
250,2024-11-06,44,165,3.75,4.10
251,2024-11-07,31,102,3.29,3.96
252,2024-11-08,44,156,3.55,4.11
253,2024-11-09,37,133,3.59,4.20
254,2024-11-10,40,136,3.40,3.85
255,2024-11-11,28,97,3.46,3.56
256,2024-11-12,25,95,3.80,3.92
257,2024-11-13,34,130,3.82,4.28
258,2024-11-14,27,91,3.37,4.05
259,2024-11-15,40,138,3.45,4.34
260,2024-11-16,30,121,4.03,4.71
261,2024-11-17,22,99,4.50,4.50
262,2024-11-18,28,102,3.64,3.64
263,2024-11-19,39,129,3.31,4.24
264,2024-11-20,39,142,3.64,3.86
265,2024-11-21,34,132,3.88,4.16
266,2024-11-22,27,89,3.30,3.90
267,2024-11-23,24,82,3.42,3.76
268,2024-11-24,31,119,3.84,4.14
269,2024-11-25,25,94,3.76,4.14
270,2024-11-26,31,127,4.10,4.56
271,2024-11-27,24,90,3.75,4.30
272,2024-11-28,31,107,3.45,3.81
273,2024-11-29,38,116,3.05,3.44
274,2024-11-30,21,70,3.33,3.88
275,2024-12-01,31,104,3.35,4.43
276,2024-12-02,67,257,3.84,4.07
277,2024-12-03,46,179,3.89,3.99
278,2024-12-04,28,103,3.68,3.94
279,2024-12-05,37,124,3.35,3.96
280,2024-12-06,36,131,3.64,4.28
281,2024-12-07,31,111,3.58,4.33
282,2024-12-08,41,142,3.46,3.86
283,2024-12-09,19,66,3.47,3.88
284,2024-12-10,32,104,3.25,3.57
285,2024-12-11,41,155,3.78,4.00
286,2024-12-12,36,130,3.61,3.94
287,2024-12-13,27,106,3.93,4.39
288,2024-12-14,19,66,3.47,3.88
289,2024-12-15,30,94,3.13,3.63
290,2024-12-16,37,138,3.73,4.06
291,2024-12-17,26,95,3.65,3.96
292,2024-12-18,33,130,3.94,4.20
293,2024-12-19,40,133,3.33,4.03
294,2024-12-20,27,111,4.11,4.65
295,2024-12-21,38,133,3.50,3.82
296,2024-12-22,25,87,3.48,3.95
297,2024-12-23,47,163,3.47,3.95
298,2024-12-24,44,146,3.32,3.91
299,2024-12-25,37,138,3.73,3.97
300,2024-12-26,34,123,3.62,3.97
301,2024-12-27,35,117,3.34,3.83
302,2024-12-28,30,108,3.60,4.12
303,2024-12-29,37,130,3.51,3.74
304,2024-12-30,28,89,3.18,3.77
305,2024-12-31,38,145,3.82,4.06
306,2025-01-01,55,183,3.33,3.70
307,2025-01-02,42,153,3.64,4.08
308,2025-01-03,53,197,3.72,4.06
309,2025-01-04,48,161,3.35,3.95
310,2025-01-05,34,112,3.29,3.52
311,2025-01-06,60,200,3.33,3.84
312,2025-01-07,78,280,3.59,3.83
313,2025-01-08,115,408,3.55,3.87
314,2025-01-09,105,349,3.32,3.90
315,2025-01-10,65,234,3.60,4.05
316,2025-01-11,37,131,3.54,4.03
317,2025-01-12,50,173,3.46,4.08
318,2025-01-13,57,194,3.40,3.87
319,2025-01-14,34,122,3.59,4.03
320,2025-01-15,40,137,3.43,3.94
321,2025-01-16,36,131,3.64,4.06
322,2025-01-17,26,91,3.50,3.95
323,2025-01-18,26,90,3.46,4.05
324,2025-01-19,19,85,4.47,4.67
325,2025-01-20,29,96,3.31,3.91
326,2025-01-21,27,104,3.85,4.21
327,2025-01-22,34,126,3.71,4.07
328,2025-01-23,23,74,3.22,3.72
329,2025-01-24,28,95,3.39,3.68
330,2025-01-25,36,118,3.28,3.83
331,2025-01-26,26,86,3.31,3.73
332,2025-01-27,30,101,3.37,3.96
333,2025-01-28,27,81,3.00,3.52
334,2025-01-29,26,100,3.85,4.17
335,2025-01-30,34,115,3.38,3.86
336,2025-01-31,37,140,3.78,3.94
337,2025-02-01,45,151,3.36,3.94
338,2025-02-02,34,130,3.82,4.28
339,2025-02-03,39,150,3.85,4.14
340,2025-02-04,51,179,3.51,3.72
341,2025-02-05,44,167,3.80,4.30
342,2025-02-06,41,137,3.34,3.97
343,2025-02-07,31,118,3.81,3.81
344,2025-02-08,27,78,2.89,3.68
345,2025-02-09,28,100,3.57,3.77
346,2025-02-10,28,73,2.61,3.10
347,2025-02-11,44,162,3.68,4.03
348,2025-02-12,33,107,3.24,3.92
349,2025-02-13,38,146,3.84,4.15
350,2025-02-14,28,107,3.82,4.04
351,2025-02-15,25,65,2.60,3.35
352,2025-02-16,22,73,3.32,3.55
353,2025-02-17,31,113,3.65,4.28
354,2025-02-18,21,79,3.76,4.22
355,2025-02-19,26,89,3.42,3.52
356,2025-02-20,23,57,2.48,2.89
357,2025-02-21,23,77,3.35,4.18
358,2025-02-22,33,124,3.76,4.18
359,2025-02-23,22,70,3.18,3.67
360,2025-02-24,26,95,3.65,4.00
361,2025-02-25,36,122,3.39,3.77
362,2025-02-26,29,117,4.03,4.35
363,2025-02-27,28,98,3.50,3.80
364,2025-02-28,33,104,3.15,3.41
365,2025-03-01,26,102,3.92,4.17
366,2025-03-02,30,96,3.20,3.87
367,2025-03-03,35,108,3.09,3.40
368,2025-03-04,44,149,3.39,3.63
369,2025-03-05,39,130,3.33,3.81
370,2025-03-06,23,59,2.57,3.25
371,2025-03-07,18,67,3.72,4.06
372,2025-03-08,21,75,3.57,4.00
373,2025-03-09,21,78,3.71,4.17
374,2025-03-10,34,122,3.59,3.81
375,2025-03-11,50,169,3.38,3.68
376,2025-03-12,77,221,2.87,2.99
377,2025-03-13,26,86,3.31,4.00
378,2025-03-14,26,86,3.31,4.00
379,2025-03-15,32,123,3.84,4.14
380,2025-03-16,19,62,3.26,3.69
381,2025-03-17,24,77,3.21,3.52
382,2025-03-18,18,54,3.00,3.40
383,2025-03-19,28,96,3.43,3.62
384,2025-03-20,53,149,2.81,2.88
385,2025-03-21,93,291,3.13,3.30
386,2025-03-22,21,78,3.71,4.17
387,2025-03-23,22,70,3.18,4.00
388,2025-03-24,22,77,3.50,4.11
389,2025-03-25,24,87,3.63,3.74
390,2025-03-26,33,106,3.21,3.35
391,2025-03-27,32,120,3.75,4.00
392,2025-03-28,39,145,3.72,3.94
393,2025-03-29,23,74,3.22,4.00
394,2025-03-30,18,63,3.50,3.59
395,2025-03-31,17,58,3.41,3.93
396,2025-04-01,19,61,3.21,3.56
397,2025-04-02,21,68,3.24,3.35
398,2025-04-03,17,41,2.41,3.18
399,2025-04-04,24,81,3.38,3.95
400,2025-04-05,26,84,3.23,4.35
401,2025-04-06,33,121,3.67,4.03
402,2025-04-07,32,107,3.34,3.78
403,2025-04-08,26,96,3.69,4.18
404,2025-04-09,22,56,2.55,2.94
405,2025-04-10,22,78,3.55,3.67
406,2025-04-11,28,98,3.50,3.92
407,2025-04-12,26,90,3.46,3.91
408,2025-04-13,27,87,3.22,3.61
409,2025-04-14,21,89,4.24,4.58
410,2025-04-15,21,78,3.71,4.35
411,2025-04-16,24,82,3.42,3.90
412,2025-04-17,19,68,3.58,4.20
413,2025-04-18,23,80,3.48,3.80
414,2025-04-19,21,75,3.57,4.12
415,2025-04-20,27,89,3.30,3.77
416,2025-04-21,24,81,3.38,4.17
417,2025-04-22,22,82,3.73,4.16
418,2025-04-23,30,115,3.83,4.15
419,2025-04-24,21,76,3.62,4.06
420,2025-04-25,20,65,3.25,3.50
421,2025-04-26,24,71,2.96,3.19
422,2025-04-27,17,65,3.82,4.20
423,2025-04-28,36,135,3.75,4.09
424,2025-04-29,18,77,4.28,4.28
425,2025-04-30,29,121,4.17,4.41
426,2025-05-01,40,131,3.28,3.81
427,2025-05-02,31,114,3.68,3.86
428,2025-05-03,27,94,3.48,4.05
429,2025-05-04,17,64,3.76,4.36
430,2025-05-15,28,86,3.07,3.33
431,2025-05-16,20,71,3.55,4.40
432,2025-05-17,29,83,2.86,3.45
433,2025-05-18,38,145,3.82,4.03
434,2025-05-19,40,157,3.93,4.44
435,2025-05-20,35,114,3.26,4.04
436,2025-05-21,33,114,3.45,3.79
437,2025-05-22,23,88,3.83,4.10
438,2025-05-23,28,93,3.32,3.46
439,2025-05-24,23,66,2.87,3.39
440,2025-05-25,20,57,2.85,3.40
441,2025-05-26,55,207,3.76,4.23
442,2025-05-27,39,145,3.72,4.42
443,2025-05-28,29,109,3.76,3.93
444,2025-05-29,21,81,3.86,4.16
445,2025-05-30,29,103,3.55,3.70
446,2025-05-31,25,80,3.20,3.39
447,2025-06-01,34,129,3.79,4.17
448,2025-06-02,47,184,3.91,4.19
449,2025-06-03,56,210,3.75,4.14
450,2025-06-04,55,201,3.65,3.98
451,2025-06-05,34,115,3.38,3.70
452,2025-06-06,25,85,3.40,4.05
453,2025-06-07,24,77,3.21,3.52
454,2025-06-08,29,116,4.00,4.35
455,2025-06-09,30,124,4.13,4.24
456,2025-06-10,40,154,3.85,4.08
457,2025-06-11,31,128,4.13,4.23
458,2025-06-12,32,118,3.69,4.31
459,2025-06-13,31,100,3.23,3.38
460,2025-06-14,28,106,3.79,4.00
461,2025-06-15,38,122,3.21,3.77
462,2025-06-16,31,106,3.42,4.13
463,2025-06-17,22,67,3.05,3.37
464,2025-06-18,21,91,4.33,4.45
465,2025-06-19,25,87,3.48,3.95
466,2025-06-20,31,107,3.45,4.04
467,2025-06-21,26,75,2.88,3.76
468,2025-06-22,32,101,3.16,3.56
469,2025-06-23,52,196,3.77,4.33
470,2025-06-24,22,69,3.14,3.61
471,2025-06-25,56,207,3.70,4.10
472,2025-06-26,30,88,2.93,3.59
473,2025-06-27,36,114,3.17,3.52
474,2025-06-28,22,85,3.86,4.00
475,2025-06-29,27,98,3.63,4.04
476,2025-06-30,51,189,3.71,4.14
477,2025-07-01,57,179,3.14,3.47
478,2025-07-02,45,131,2.91,3.27
479,2025-07-03,44,136,3.09,3.63
480,2025-07-04,37,117,3.16,3.86
481,2025-07-05,65,170,2.62,2.76
482,2025-07-06,49,127,2.59,2.88
483,2025-07-07,36,116,3.22,3.63
484,2025-07-08,46,156,3.39,3.66
485,2025-07-09,32,115,3.59,3.73
486,2025-07-10,18,68,3.78,3.88
487,2025-07-11,45,147,3.27,3.70
488,2025-07-12,38,137,3.61,4.09
489,2025-07-13,42,152,3.62,3.97
490,2025-07-14,41,128,3.12,3.49
491,2025-07-15,30,87,2.90,3.38
492,2025-07-16,46,165,3.59,4.25
493,2025-07-17,21,60,2.86,3.44
494,2025-07-18,33,114,3.45,3.89
495,2025-07-19,30,89,2.97,3.32
496,2025-07-20,34,118,3.47,3.80
497,2025-07-21,38,137,3.61,3.94
498,2025-07-22,14,40,2.86,3.17
499,2025-07-23,28,75,2.68,3.42
500,2025-07-24,34,121,3.56,3.72
501,2025-07-25,39,128,3.28,3.34
502,2025-07-26,37,94,2.54,2.84
503,2025-07-27,32,110,3.44,3.75
504,2025-07-28,33,107,3.24,3.96
505,2025-07-29,40,136,3.40,3.82
506,2025-07-30,28,84,3.00,3.43
507,2025-07-31,40,134,3.35,3.69
508,2025-08-01,36,118,3.28,3.89
509,2025-08-02,36,106,2.94,3.16
510,2025-08-03,28,86,3.07,3.42
511,2025-08-04,33,103,3.12,3.41
512,2025-08-05,38,146,3.84,4.00
513,2025-08-06,35,128,3.66,4.07
514,2025-08-07,35,105,3.00,3.50
515,2025-08-08,18,62,3.44,3.93
516,2025-08-09,22,79,3.59,4.17
517,2025-08-10,28,100,3.57,4.13
518,2025-08-11,34,126,3.71,3.88
519,2025-08-12,32,103,3.22,3.29
520,2025-08-13,22,85,3.86,3.86
521,2025-08-14,31,111,3.58,3.82
522,2025-08-15,37,103,2.78,3.36
523,2025-08-16,30,84,2.80,3.25
524,2025-08-17,20,75,3.75,3.89
525,2025-08-18,23,82,3.57,3.68
526,2025-08-19,25,91,3.64,3.83
527,2025-08-20,29,94,3.24,3.56
528,2025-08-21,20,69,3.45,3.82
529,2025-08-22,35,123,3.51,3.67
530,2025-08-23,26,87,3.35,3.77
531,2025-08-24,25,95,3.80,4.04
532,2025-08-25,33,116,3.52,4.28
533,2025-08-26,38,118,3.11,3.50
534,2025-08-27,23,79,3.43,3.95
535,2025-08-28,28,75,2.68,3.14
536,2025-08-29,33,105,3.18,3.54
537,2025-08-30,21,69,3.29,3.82
538,2025-08-31,28,94,3.36,3.95
539,2025-09-01,31,93,3.00,3.77
540,2025-09-02,29,95,3.28,3.71
541,2025-09-03,31,111,3.58,4.04
542,2025-09-04,32,100,3.13,3.58
543,2025-09-05,29,97,3.34,3.83
544,2025-09-06,25,83,3.32,3.42
545,2025-09-07,39,133,3.41,3.69
546,2025-09-08,27,90,3.33,3.82
547,2025-09-09,27,93,3.44,3.75
548,2025-09-10,23,70,3.04,3.94
549,2025-09-11,47,160,3.40,3.57
550,2025-09-12,19,55,2.89,3.12
551,2025-09-13,24,66,2.75,3.47
552,2025-09-14,26,87,3.35,4.53
553,2025-09-15,38,136,3.58,3.80
554,2025-09-16,26,92,3.54,4.47
555,2025-09-17,32,102,3.19,3.80
556,2025-09-18,25,78,3.12,3.52
557,2025-09-19,20,62,3.10,3.80
558,2025-09-20,28,85,3.04,3.85
559,2025-09-21,28,97,3.46,3.91
560,2025-09-22,34,114,3.35,3.50
561,2025-09-23,25,87,3.48,3.70
562,2025-09-24,33,95,2.88,3.40
563,2025-09-25,44,135,3.07,3.40
564,2025-09-26,28,96,3.43,3.96
565,2025-09-27,21,79,3.76,4.05
566,2025-09-28,26,82,3.15,3.55
567,2025-09-29,30,76,2.53,3.00
568,2025-09-30,33,103,3.12,3.46
569,2025-10-01,37,106,2.86,3.23
570,2025-10-02,38,106,2.79,3.27
571,2025-10-03,34,106,3.12,3.54
572,2025-10-04,34,104,3.06,3.91
573,2025-10-05,24,66,2.75,3.47
574,2025-10-06,32,115,3.59,3.86
575,2025-10-07,21,73,3.48,3.89
576,2025-10-08,33,100,3.03,3.58
577,2025-10-09,19,63,3.32,3.59
578,2025-10-10,21,80,3.81,3.90
579,2025-10-11,24,78,3.25,3.70
580,2025-10-12,27,91,3.37,3.91
581,2025-10-13,34,95,2.79,3.77
582,2025-10-14,25,91,3.64,3.95
583,2025-10-15,32,104,3.25,3.73
584,2025-10-16,23,94,4.09,4.38
585,2025-10-17,19,71,3.74,4.06
586,2025-10-18,14,61,4.36,4.62
587,2025-10-19,28,76,2.71,3.14
588,2025-10-20,28,106,3.79,4.00
589,2025-10-21,24,97,4.04,4.32
590,2025-10-22,33,117,3.55,3.96
591,2025-10-23,29,104,3.59,3.68
592,2025-10-24,24,79,3.29,3.75
593,2025-10-25,17,66,3.88,3.88
594,2025-10-26,31,108,3.48,4.04
595,2025-10-27,28,105,3.75,4.45
596,2025-10-28,37,146,3.95,4.11
597,2025-10-29,20,74,3.70,3.84
598,2025-10-30,22,82,3.73,4.16
599,2025-10-31,25,93,3.72,4.35
601,2025-11-01,40,139,3.48,4.00
602,2025-11-02,34,117,3.44,4.04
603,2025-11-03,21,72,3.43,4.19
604,2025-11-04,33,92,2.79,3.07
605,2025-11-05,24,80,3.33,3.67
606,2025-11-06,28,95,3.39,3.68
607,2025-11-07,33,135,4.09,4.29
608,2025-11-08,24,89,3.71,3.95
609,2025-11-09,17,50,2.94,3.20
610,2025-11-10,31,93,3.00,3.21
611,2025-11-11,25,92,3.68,4.19
612,2025-11-12,21,71,3.38,3.72
613,2025-11-13,21,71,3.38,3.63
614,2025-11-14,23,78,3.39,3.50
615,2025-11-15,16,44,2.75,3.15
616,2025-11-16,24,69,2.88,3.25
617,2025-11-17,37,124,3.35,3.49
618,2025-11-18,27,77,2.85,3.27
619,2025-11-19,21,78,3.71,4.35
620,2025-11-20,22,70,3.18,3.18
621,2025-11-21,28,102,3.64,3.96
622,2025-11-22,30,98,3.27,3.72
623,2025-11-23,19,49,2.58,3.42
624,2025-11-24,41,121,2.95,3.29
625,2025-11-25,34,114,3.35,3.76
626,2025-11-26,32,98,3.06,3.32
627,2025-11-27,14,56,4.00,4.23
628,2025-11-28,67,248,3.70,3.97
629,2025-11-29,44,150,3.41,3.94
630,2025-11-30,31,93,3.00,3.58
632,2025-12-01,41,133,3.24,3.36
633,2025-12-02,34,125,3.68,4.03
634,2025-12-03,42,127,3.02,3.80
635,2025-12-04,34,136,4.00,4.40
636,2025-12-05,27,88,3.26,4.00
637,2025-12-06,31,106,3.42,3.74
638,2025-12-07,24,85,3.54,4.05
639,2025-12-08,21,59,2.81,3.38
640,2025-12-09,19,68,3.58,3.94
641,2025-12-10,35,118,3.37,3.79
642,2025-12-11,24,82,3.42,3.64
643,2025-12-12,29,76,2.62,3.47
644,2025-12-13,30,101,3.37,3.73
645,2025-12-14,28,91,3.25,3.65
646,2025-12-15,21,66,3.14,3.81
647,2025-12-16,24,88,3.67,4.32
648,2025-12-17,24,78,3.25,3.70
649,2025-12-18,33,110,3.33,3.96
650,2025-12-19,25,101,4.04,4.17
651,2025-12-20,41,140,3.41,3.80
652,2025-12-21,31,104,3.35,3.92
653,2025-12-22,25,86,3.44,4.16
654,2025-12-23,27,102,3.78,4.13
655,2025-12-24,24,90,3.75,4.00
656,2025-12-25,20,43,2.15,2.69
657,2025-12-26,28,78,2.79,3.00
658,2025-12-27,21,60,2.86,3.44
659,2025-12-28,30,85,2.83,3.65
660,2025-12-29,27,104,3.85,4.50
661,2025-12-30,26,87,3.35,3.73
662,2025-12-31,17,53,3.12,3.57
663,2026-01-01,31,96,3.10,3.67
664,2026-01-02,52,165,3.17,3.83
665,2026-01-03,71,226,3.18,3.80
666,2026-01-04,21,79,3.76,4.41
667,2026-01-05,26,86,3.31,3.95
668,2026-01-06,38,143,3.76,4.15
669,2026-01-07,27,84,3.11,3.67
670,2026-01-08,16,55,3.44,4.36
671,2026-01-09,32,114,3.56,4.12
672,2026-01-10,27,89,3.30,3.58
673,2026-01-11,37,108,2.92,3.29
674,2026-01-12,25,76,3.04,3.55
675,2026-01-13,42,132,3.14,3.43
676,2026-01-14,29,110,3.79,4.38
677,2026-01-15,23,75,3.26,4.00
678,2026-01-16,34,117,3.44,4.46
679,2026-01-17,33,102,3.09,4.14
680,2026-01-18,22,86,3.91,4.37
681,2026-01-19,30,89,2.97,3.76
682,2026-01-20,29,80,2.76,3.45
683,2026-01-21,34,101,2.97,3.75
684,2026-01-22,28,121,4.32,4.68
685,2026-01-23,26,79,3.04,3.52
686,2026-01-24,30,108,3.60,4.12
687,2026-01-25,16,52,3.25,3.77
688,2026-01-26,18,30,1.67,2.00
689,2026-01-27,37,138,3.73,4.37
690,2026-01-28,43,136,3.16,3.66
691,2026-01-29,36,145,4.03,4.60
692,2026-01-30,27,118,4.37,4.50
693,2026-01-31,30,100,3.33,4.14
695,2026-02-01,31,118,3.81,4.35
696,2026-02-02,27,87,3.22,3.86
697,2026-02-03,36,136,3.78,4.33
698,2026-02-04,23,67,2.91,3.75
699,2026-02-05,29,100,3.45,3.96
700,2026-02-06,33,112,3.39,4.21
701,2026-02-07,21,71,3.38,4.06
702,2026-02-08,26,92,3.54,4.00
703,2026-02-09,19,60,3.16,3.41
