,Connected to robot,Number of exit queues,Transfer amount to CS,Total handle robot,Robot handle ratio,Robot actual completion ratio,Robot Success ratio,Date
0,321,25,182,139,43.3,35.51,31.0,2022-05-20
1,1521,80,902,619,40.7,35.44,34.0,2022-05-21
2,2728,100,1570,1158,42.45,38.78,37.0,2022-05-22
3,4424,276,2568,1856,41.95,35.71,33.0,2022-05-23
4,6405,540,3378,3027,47.26,38.83,36.0,2022-05-24
5,8116,651,4322,3794,46.75,38.73,34.0,2022-05-25
6,8599,574,4599,4000,46.52,39.84,37.0,2022-05-26
7,8437,451,4685,3752,44.47,39.13,36.0,2022-05-27
8,7958,526,4285,3673,46.15,39.55,37.0,2022-05-28
9,7833,473,4121,3712,47.39,41.35,38.0,2022-05-29
10,8392,254,5059,3333,39.72,36.69,35.0,2022-05-30
11,9136,521,5278,3858,42.23,36.53,34.0,2022-05-31
12,9820,876,5117,4703,47.89,38.97,35.0,2022-06-01
13,10958,1002,5757,5201,47.46,38.32,34.0,2022-06-02
14,10714,850,6022,4692,43.79,35.86,33.0,2022-06-03
15,9081,246,5386,3695,40.69,37.98,36.0,2022-06-04
16,8802,95,5349,3453,39.23,38.15,37.0,2022-06-05
17,9411,122,5898,3513,37.33,36.03,35.0,2022-06-06
18,9474,74,6055,3419,36.09,35.31,35.0,2022-06-07
19,9450,126,5730,3720,39.37,38.03,36.0,2022-06-08
20,10002,137,6272,3730,37.29,35.92,35.0,2022-06-09
21,10655,237,6502,4153,38.98,36.75,34.0,2022-06-10
22,10991,283,6417,4574,41.62,39.04,38.0,2022-06-11
23,9993,130,6070,3923,39.26,37.96,37.0,2022-06-12
24,10390,215,6573,3817,36.74,34.67,35.0,2022-06-13
25,9994,198,6253,3741,37.43,35.45,35.0,2022-06-14
26,9607,110,5905,3702,38.53,37.39,37.0,2022-06-15
27,10134,277,7233,2901,28.63,25.89,26.0,2022-06-16
28,11798,482,8245,3553,30.12,26.03,26.0,2022-06-17
29,10375,77,7389,2986,28.78,28.04,28.0,2022-06-18
30,10203,27,7189,3014,29.54,29.28,29.0,2022-06-19
31,13977,1190,8937,5040,36.06,27.55,27.0,2022-06-20
32,16389,1657,10163,6226,37.99,27.88,28.0,2022-06-21
33,15499,1416,9795,5704,36.8,27.67,27.0,2022-06-22
34,15214,1352,9596,5618,36.93,28.04,28.0,2022-06-23
35,16619,1492,10638,5981,35.99,27.01,27.0,2022-06-24
36,18999,2542,11639,7360,38.74,25.36,25.0,2022-06-25
37,17559,2273,10550,7009,39.92,26.97,27.0,2022-06-26
38,16689,1573,10574,6115,36.64,27.22,27.0,2022-06-27
39,16845,1606,10630,6215,36.9,27.36,27.0,2022-06-28
40,16319,1455,10429,5890,36.09,27.18,27.0,2022-06-29
41,17520,1850,10862,6658,38.0,27.44,27.0,2022-06-30
42,21091,3106,11981,9110,43.19,28.47,28.0,2022-07-01
43,18055,2327,10777,7278,40.31,27.42,27.0,2022-07-02
44,17339,1935,10375,6964,40.16,29.0,29.0,2022-07-03
45,18072,1955,10892,7180,39.73,28.91,29.0,2022-07-04
46,19072,2274,11132,7940,41.63,29.71,29.0,2022-07-05
47,17874,1857,10866,7008,39.21,28.82,29.0,2022-07-06
48,17992,1579,11018,6974,38.76,29.99,30.0,2022-07-07
49,17299,1669,10436,6863,39.67,30.02,30.0,2022-07-08
50,16058,1415,9735,6323,39.38,30.56,30.0,2022-07-09
51,15373,1448,9328,6045,39.32,29.9,30.0,2022-07-10
52,19394,1857,11634,7760,40.01,30.44,30.0,2022-07-11
53,17917,1567,11025,6892,38.47,29.72,30.0,2022-07-12
54,16777,1291,10478,6299,37.55,29.85,30.0,2022-07-13
55,17536,1387,10836,6700,38.21,30.3,30.0,2022-07-14
56,16876,1257,10505,6371,37.75,30.3,30.0,2022-07-15
57,15662,1219,9695,5967,38.1,30.32,30.0,2022-07-16
58,15293,1170,9363,5930,38.78,31.13,31.0,2022-07-17
59,16544,1136,10449,6095,36.84,29.97,30.0,2022-07-18
60,15804,951,10235,5569,35.24,29.22,29.0,2022-07-19
61,16897,1030,10635,6262,37.06,30.96,31.0,2022-07-20
62,15859,1059,10432,5427,34.22,27.54,28.0,2022-07-21
63,14409,629,9915,4494,31.19,26.82,27.0,2022-07-22
64,14148,765,9667,4481,31.67,26.27,26.0,2022-07-23
65,14008,696,9548,4460,31.84,26.87,27.0,2022-07-24
66,16761,1038,11461,5300,31.62,25.43,26.0,2022-07-25
67,16644,1102,11232,5412,32.52,25.9,26.0,2022-07-26
68,16639,940,11328,5311,31.92,26.27,26.0,2022-07-27
69,16988,1100,11498,5490,32.32,25.84,26.0,2022-07-28
70,16828,1273,11406,5422,32.22,24.66,25.0,2022-07-29
71,15348,1070,10331,5017,32.69,25.72,26.0,2022-07-30
72,14632,693,10051,4581,31.31,26.57,27.0,2022-07-31
73,17193,1327,11548,5645,32.83,25.11,25.0,2022-08-01
74,17465,1321,11685,5780,33.09,25.53,26.0,2022-08-02
75,16251,1238,11048,5203,32.02,24.4,25.0,2022-08-03
76,15668,918,10806,4862,31.03,25.17,25.0,2022-08-04
77,15036,1005,10461,4575,30.43,23.74,24.0,2022-08-05
78,14360,959,9881,4479,31.19,24.51,25.0,2022-08-06
79,13513,715,9312,4201,31.09,25.8,26.0,2022-08-07
80,15192,1009,10390,4802,31.61,24.97,25.0,2022-08-08
81,14869,1008,10166,4703,31.63,24.85,25.0,2022-08-09
82,14973,726,10587,4386,29.29,24.44,25.0,2022-08-10
83,16073,676,11299,4774,29.7,25.5,26.0,2022-08-11
84,16001,570,11165,4836,30.22,26.66,27.0,2022-08-12
85,15122,633,10563,4559,30.15,25.96,26.0,2022-08-13
86,13898,440,9942,3956,28.46,25.3,25.0,2022-08-14
87,15052,197,10980,4072,27.05,25.74,26.0,2022-08-15
88,14702,153,10620,4082,27.76,26.72,27.0,2022-08-16
89,12624,174,8999,3625,28.72,27.34,27.0,2022-08-17
90,15296,204,10976,4320,28.24,26.91,27.0,2022-08-18
91,13827,49,10143,3684,26.64,26.29,26.0,2022-08-19
92,13412,82,9838,3574,26.65,26.04,26.0,2022-08-20
93,13465,95,9733,3732,27.72,27.01,27.0,2022-08-21
94,14426,146,10418,4008,27.78,26.77,27.0,2022-08-22
95,14685,99,10820,3865,26.32,25.65,26.0,2022-08-23
96,14645,97,10693,3952,26.99,26.32,26.0,2022-08-24
97,17402,409,12604,4798,27.57,25.22,25.0,2022-08-25
98,18734,578,13063,5671,30.27,27.19,27.0,2022-08-26
99,14986,268,10996,3990,26.62,24.84,25.0,2022-08-27
100,14501,132,10687,3814,26.3,25.39,25.0,2022-08-28
101,15561,275,11304,4257,27.36,25.59,26.0,2022-08-29
102,14979,203,10979,4000,26.7,25.35,25.0,2022-08-30
103,18481,941,12892,5589,30.24,25.15,25.0,2022-08-31
104,18330,880,12946,5384,29.37,24.57,25.0,2022-09-01
105,20605,1059,14478,6127,29.74,24.6,25.0,2022-09-02
106,16138,498,11520,4618,28.62,25.53,26.0,2022-09-03
107,14300,165,10395,3905,27.31,26.15,26.0,2022-09-04
108,16766,298,12031,4735,28.24,26.46,26.0,2022-09-05
109,15896,421,11242,4654,29.28,26.63,27.0,2022-09-06
110,16438,380,11594,4844,29.47,27.16,27.0,2022-09-07
111,16008,247,11645,4363,27.26,25.71,26.0,2022-09-08
112,16411,516,11767,4644,28.3,25.15,25.0,2022-09-09
113,15467,376,11146,4321,27.94,25.51,26.0,2022-09-10
114,14513,150,10386,4127,28.44,27.4,27.0,2022-09-11
115,15879,194,11285,4594,28.93,27.71,28.0,2022-09-12
116,15088,91,10765,4323,28.65,28.05,28.0,2022-09-13
117,14491,113,10515,3976,27.44,26.66,27.0,2022-09-14
118,15249,89,10989,4260,27.94,27.35,27.0,2022-09-15
119,15444,132,10934,4510,29.2,28.35,28.0,2022-09-16
120,13879,40,10036,3843,27.69,27.4,27.0,2022-09-17
121,13598,175,9697,3901,28.69,27.4,27.0,2022-09-18
122,14803,32,10778,4025,27.19,26.97,27.0,2022-09-19
123,14825,71,10929,3896,26.28,25.8,26.0,2022-09-20
124,14663,42,10775,3888,26.52,26.23,26.0,2022-09-21
125,14725,115,10765,3960,26.89,26.11,26.0,2022-09-22
126,14796,126,10862,3934,26.59,25.74,26.0,2022-09-23
127,15333,267,10922,4411,28.77,27.03,27.0,2022-09-24
128,16794,177,11828,4966,29.57,28.52,29.0,2022-09-25
129,17050,304,12455,4595,26.95,25.17,25.0,2022-09-26
130,15515,222,11294,4221,27.21,25.78,26.0,2022-09-27
131,16687,193,12061,4626,27.72,26.57,27.0,2022-09-28
132,15754,35,11563,4191,26.6,26.38,26.0,2022-09-29
133,16075,79,11860,4215,26.22,25.73,26.0,2022-09-30
134,17289,309,12551,4738,27.4,25.62,26.0,2022-10-01
135,16132,138,11525,4607,28.56,27.7,28.0,2022-10-02
136,17332,227,12594,4738,27.34,26.03,26.0,2022-10-03
137,15848,27,11655,4193,26.46,26.29,26.0,2022-10-04
138,15360,96,11290,4070,26.5,25.87,26.0,2022-10-05
139,16345,79,11885,4460,27.29,26.8,27.0,2022-10-06
140,14416,36,10462,3954,27.43,27.18,27.0,2022-10-07
141,13320,25,9649,3671,27.56,27.37,27.0,2022-10-08
142,13864,66,10077,3787,27.32,26.84,27.0,2022-10-09
143,16459,297,11795,4664,28.34,26.53,27.0,2022-10-10
144,16191,198,11351,4840,29.89,28.67,29.0,2022-10-11
145,15239,67,10493,4746,31.14,30.7,31.0,2022-10-12
146,16772,42,11123,5649,33.68,33.43,33.0,2022-10-13
147,17972,44,11779,6193,34.46,34.21,34.0,2022-10-14
148,18867,353,11608,7259,38.47,36.6,37.0,2022-10-15
149,14850,33,10023,4827,32.51,32.28,32.0,2022-10-16
150,16193,42,10893,5300,32.73,32.47,32.0,2022-10-17
151,16093,221,10479,5614,34.88,33.51,34.0,2022-10-18
152,16209,600,10332,5877,36.26,32.56,33.0,2022-10-19
153,16630,264,10332,6298,37.87,36.28,36.0,2022-10-20
154,15122,10,8847,6275,41.5,41.43,41.0,2022-10-21
155,15375,8,8845,6530,42.47,42.42,42.0,2022-10-22
156,14784,13,8232,6552,44.32,44.23,44.0,2022-10-23
157,16417,30,9311,7106,43.28,43.1,43.0,2022-10-24
158,20790,221,11117,9673,46.53,45.46,45.0,2022-10-25
159,19877,193,10853,9024,45.4,44.43,44.0,2022-10-26
160,20506,594,11066,9440,46.04,43.14,43.0,2022-10-27
161,21938,560,11993,9945,45.33,42.78,43.0,2022-10-28
162,19874,312,10822,9052,45.55,43.98,44.0,2022-10-29
163,18217,139,9782,8435,46.3,45.54,46.0,2022-10-30
164,29752,1649,15811,13941,46.86,41.31,41.0,2022-10-31
165,32273,2164,16546,15727,48.73,42.03,42.0,2022-11-01
166,29156,1759,16099,13057,44.78,38.75,38.0,2022-11-02
167,26986,1444,15064,11922,44.18,38.83,39.0,2022-11-03
168,25477,1251,14576,10901,42.79,37.88,38.0,2022-11-04
169,21166,761,12305,8861,41.86,38.27,38.0,2022-11-05
170,19671,634,11359,8312,42.26,39.03,39.0,2022-11-06
171,21846,528,13048,8798,40.27,37.86,38.0,2022-11-07
172,21455,475,12647,8808,41.05,38.84,39.0,2022-11-08
173,19619,443,11392,8227,41.93,39.68,40.0,2022-11-09
174,18743,106,11097,7646,40.79,40.23,40.0,2022-11-10
175,22736,948,13067,9669,42.53,38.36,38.0,2022-11-11
176,18987,639,11104,7883,41.52,38.15,38.0,2022-11-12
177,16174,188,9347,6827,42.21,41.05,41.0,2022-11-13
178,17927,378,10404,7523,41.96,39.86,40.0,2022-11-14
179,16405,223,9691,6714,40.93,39.57,40.0,2022-11-15
180,17658,196,10148,7510,42.53,41.42,41.0,2022-11-16
181,19747,281,11506,8241,41.73,40.31,40.0,2022-11-17
182,23133,922,12904,10229,44.22,40.23,40.0,2022-11-18
183,17945,528,10387,7558,42.12,39.18,39.0,2022-11-19
184,16895,405,9596,7299,43.2,40.8,41.0,2022-11-20
185,17874,322,10522,7352,41.13,39.33,39.0,2022-11-21
186,17582,208,10333,7249,41.23,40.05,40.0,2022-11-22
187,16627,114,9764,6863,41.28,40.59,41.0,2022-11-23
188,18686,256,11231,7455,39.9,38.53,39.0,2022-11-24
189,23413,689,13836,9577,40.9,37.96,38.0,2022-11-25
190,21841,498,13044,8797,40.28,38.0,38.0,2022-11-26
191,18492,404,10769,7723,41.76,39.58,40.0,2022-11-27
192,21174,258,12430,8744,41.3,40.08,40.0,2022-11-28
193,20108,264,12019,8089,40.23,38.91,39.0,2022-11-29
194,22360,475,12920,9440,42.22,40.09,40.0,2022-11-30
195,27433,765,15339,12094,44.09,41.3,41.0,2022-12-01
196,25332,721,14615,10717,42.31,39.46,39.0,2022-12-02
197,21037,277,11943,9094,43.23,41.91,42.0,2022-12-03
198,19139,332,10646,8493,44.38,42.64,43.0,2022-12-04
199,21848,163,12375,9473,43.36,42.61,43.0,2022-12-05
200,20259,58,11322,8937,44.11,43.83,44.0,2022-12-06
201,18665,1,10514,8151,43.67,43.66,44.0,2022-12-07
202,19069,0,10488,8581,45.0,45.0,45.0,2022-12-08
203,19058,88,10381,8677,45.53,45.07,45.0,2022-12-09
204,18696,61,10168,8528,45.61,45.29,45.0,2022-12-10
205,18771,122,10447,8324,44.35,43.7,44.0,2022-12-11
206,20200,17,11300,8900,44.06,43.98,44.0,2022-12-12
207,18206,0,10129,8077,44.36,44.36,44.0,2022-12-13
208,18280,1,10184,8096,44.29,44.28,44.0,2022-12-14
209,18083,2,9937,8146,45.05,45.04,45.0,2022-12-15
210,18304,2,9993,8311,45.41,45.39,45.0,2022-12-16
211,16196,0,9023,7173,44.29,44.29,44.0,2022-12-17
212,15651,2,8614,7037,44.96,44.95,45.0,2022-12-18
213,17753,1,10004,7749,43.65,43.64,44.0,2022-12-19
214,19199,31,10950,8249,42.97,42.8,43.0,2022-12-20
215,19492,49,10697,8795,45.12,44.87,45.0,2022-12-21
216,19018,1,10656,8362,43.97,43.96,44.0,2022-12-22
217,19064,16,10960,8104,42.51,42.43,42.0,2022-12-23
218,18784,0,10529,8255,43.95,43.95,44.0,2022-12-24
219,19397,2,10748,8649,44.59,44.58,45.0,2022-12-25
220,21760,0,12341,9419,43.29,43.29,43.0,2022-12-26
221,20210,0,11426,8784,43.46,43.46,43.0,2022-12-27
222,22048,36,12276,9772,44.32,44.16,44.0,2022-12-28
223,41510,2607,18803,22707,54.7,48.42,48.0,2022-12-29
224,21482,115,13505,7977,37.13,36.6,37.0,2022-12-30
225,17393,3,10653,6740,38.75,38.73,39.0,2022-12-31
226,17881,11,11005,6876,38.45,38.39,38.0,2023-01-01
227,24976,451,15747,9229,36.95,35.15,35.0,2023-01-02
228,25995,600,15859,10136,38.99,36.68,36.69,2023-01-03
229,24556,506,15267,9289,37.83,35.77,35.77,2023-01-04
230,21814,194,13632,8182,37.51,36.62,36.63,2023-01-05
231,19383,52,12051,7332,37.83,37.56,37.56,2023-01-06
232,18055,80,11057,6998,38.76,38.32,38.31,2023-01-07
233,16622,28,10245,6377,38.36,38.2,38.2,2023-01-08
234,18293,1,11382,6911,37.78,37.77,37.77,2023-01-09
235,20289,87,12258,8031,39.58,39.15,39.16,2023-01-10
236,20338,41,11961,8377,41.19,40.99,40.99,2023-01-11
237,22370,473,13053,9317,41.65,39.54,39.54,2023-01-12
238,19268,41,11412,7856,40.77,40.56,40.56,2023-01-13
239,16816,1,9953,6863,40.81,40.81,40.81,2023-01-14
240,16596,10,9720,6876,41.43,41.37,41.38,2023-01-15
241,18108,0,10720,7388,40.8,40.8,40.8,2023-01-16
242,18475,32,10905,7570,40.97,40.8,40.8,2023-01-17
243,18428,11,10945,7483,40.61,40.55,40.55,2023-01-18
244,17483,1,10370,7113,40.69,40.68,40.68,2023-01-19
245,17527,0,10322,7205,41.11,41.11,41.11,2023-01-20
246,17211,0,10067,7144,41.51,41.51,41.51,2023-01-21
247,16202,0,9407,6795,41.94,41.94,41.94,2023-01-22
248,17570,0,10375,7195,40.95,40.95,40.95,2023-01-23
249,19130,25,11412,7718,40.35,40.21,40.21,2023-01-24
250,22562,16,13395,9167,40.63,40.56,40.56,2023-01-25
251,22027,8,13030,8997,40.85,40.81,40.81,2023-01-26
252,20816,0,12165,8651,41.56,41.56,41.56,2023-01-27
253,19812,1,11640,8172,41.25,41.24,41.25,2023-01-28
254,20352,59,11964,8388,41.21,40.92,40.93,2023-01-29
255,22504,69,13163,9341,41.51,41.2,41.21,2023-01-30
256,22633,194,13255,9378,41.44,40.58,40.58,2023-01-31
257,22504,69,13166,9338,41.49,41.19,41.19,2023-02-01
258,22633,194,13257,9376,41.43,40.57,40.57,2023-02-02
259,24319,235,14005,10314,42.41,41.44,41.44,2023-02-03
260,23251,125,13662,9589,41.24,40.7,40.7,2023-02-04
261,21915,152,12990,8925,40.73,40.03,40.04,2023-02-05
262,19301,68,11331,7970,41.29,40.94,40.94,2023-02-06
263,18771,32,10758,8013,42.69,42.52,42.52,2023-02-07
264,20013,57,11794,8219,41.07,40.78,40.78,2023-02-08
265,19028,36,11339,7689,40.41,40.22,40.22,2023-02-09
266,18745,32,11034,7711,41.14,40.97,40.97,2023-02-10
267,21878,219,12420,9458,43.23,42.23,42.23,2023-02-11
268,19142,0,11330,7812,40.81,40.81,40.81,2023-02-12
269,18743,5,10902,7841,41.83,41.81,41.81,2023-02-13
270,17181,0,9950,7231,42.09,42.09,42.09,2023-02-14
271,17977,2,10595,7382,41.06,41.05,41.05,2023-02-15
272,17520,0,10190,7330,41.84,41.84,41.84,2023-02-16
273,17492,21,10218,7274,41.58,41.46,41.46,2023-02-17
274,18816,12,11019,7797,41.44,41.37,41.37,2023-02-18
275,19255,1,10860,8395,43.6,43.59,43.59,2023-02-19
276,16599,0,9492,7107,42.82,42.82,42.82,2023-02-20
277,15805,0,9142,6663,42.16,42.16,42.16,2023-02-21
278,17765,12,10400,7365,41.46,41.39,41.39,2023-02-22
279,17566,0,10277,7289,41.49,41.49,41.49,2023-02-23
280,17027,0,9896,7131,41.88,41.88,41.88,2023-02-24
281,17055,0,10012,7043,41.3,41.3,41.3,2023-02-25
282,18338,0,10744,7594,41.41,41.41,41.41,2023-02-26
283,19495,2,11270,8225,42.19,42.18,42.18,2023-02-27
284,19064,3,11015,8049,42.22,42.21,42.21,2023-02-28
285,19559,8,11594,7965,40.72,40.68,40.68,2023-03-01
286,25411,418,14673,10738,42.26,40.61,40.62,2023-03-02
287,27295,725,15756,11539,42.28,39.62,39.61,2023-03-03
288,24229,159,14049,10180,42.02,41.36,41.36,2023-03-04
289,21552,82,12647,8905,41.32,40.94,40.94,2023-03-05
290,18662,2,10959,7703,41.28,41.27,41.27,2023-03-06
291,18232,0,10497,7735,42.43,42.43,42.43,2023-03-07
292,19670,26,11558,8112,41.24,41.11,41.11,2023-03-08
293,18894,0,11058,7836,41.47,41.47,41.47,2023-03-09
294,18065,0,10637,7428,41.12,41.12,41.12,2023-03-10
295,18874,98,11858,7016,37.17,36.65,36.66,2023-03-11
296,19337,70,13047,6290,32.53,32.17,32.17,2023-03-12
297,18122,25,12125,5997,33.09,32.95,32.95,2023-03-13
298,16482,1,10747,5735,34.8,34.79,34.79,2023-03-14
299,18140,0,11159,6981,38.48,38.48,38.48,2023-03-15
300,17320,0,9962,7358,42.48,42.48,42.48,2023-03-16
301,17831,0,10419,7412,41.57,41.57,41.57,2023-03-17
302,17356,0,9049,8307,47.86,47.86,47.86,2023-03-18
303,16810,0,8218,8592,51.11,51.11,51.11,2023-03-19
304,15536,0,7644,7892,50.8,50.8,50.8,2023-03-20
305,14894,0,7223,7671,51.5,51.5,51.5,2023-03-21
306,17874,0,8689,9185,51.39,51.39,51.39,2023-03-22
307,17959,0,8957,9002,50.13,50.13,50.13,2023-03-23
308,15974,0,7929,8045,50.36,50.36,50.36,2023-03-24
309,14208,0,6993,7215,50.78,50.78,50.78,2023-03-25
310,16282,0,8447,7835,48.12,48.12,48.12,2023-03-26
311,18383,0,9323,9060,49.28,49.28,49.28,2023-03-27
312,18720,0,9379,9341,49.9,49.9,49.9,2023-03-28
313,19266,0,9694,9572,49.68,49.68,49.68,2023-03-29
314,19897,0,10013,9884,49.68,49.68,49.68,2023-03-30
315,18825,0,9416,9409,49.98,49.98,49.98,2023-03-31
316,19054,0,9496,9558,50.16,50.16,50.16,2023-04-01
317,20870,0,10215,10655,51.05,51.05,51.05,2023-04-02
318,22693,134,11327,11366,50.09,49.5,49.5,2023-04-03
319,21574,209,10763,10811,50.11,49.14,49.14,2023-04-04
320,21955,112,11062,10893,49.62,49.1,49.11,2023-04-05
321,20812,145,10635,10177,48.9,48.2,48.2,2023-04-06
322,20632,169,10475,10157,49.23,48.41,48.41,2023-04-07
323,19437,17,8525,10912,56.14,56.05,56.05,2023-04-08
324,17680,11,6253,11427,64.63,64.57,64.57,2023-04-09
325,17185,20,6331,10854,63.16,63.04,63.04,2023-04-10
326,17080,51,6046,11034,64.6,64.3,64.3,2023-04-11
327,20024,39,7604,12420,62.03,61.83,61.83,2023-04-12
328,20658,155,7909,12749,61.71,60.96,60.96,2023-04-13
329,18666,71,7161,11505,61.64,61.26,61.26,2023-04-14
330,17872,75,6690,11182,62.57,62.15,62.15,2023-04-15
331,17534,9,6688,10846,61.86,61.81,61.81,2023-04-16
332,17369,60,7266,10103,58.17,57.82,57.83,2023-04-17
333,14816,30,6042,8774,59.22,59.02,59.02,2023-04-18
334,16307,10,6661,9646,59.15,59.09,59.09,2023-04-19
335,15736,0,5750,9986,63.46,63.46,63.46,2023-04-20
336,14386,0,4967,9419,65.47,65.47,65.47,2023-04-21
337,12720,0,4384,8336,65.53,65.53,65.53,2023-04-22
338,13441,0,4455,8986,66.86,66.86,66.86,2023-04-23
339,8131,8,2885,5246,64.52,64.42,64.42,2023-04-24
340,9112,0,3226,5886,64.6,64.6,64.6,2023-04-25
341,11986,0,4391,7595,63.37,63.37,63.37,2023-04-26
342,17901,0,6726,11175,62.43,62.43,62.43,2023-04-27
343,17901,0,6726,11175,62.43,62.43,62.43,2023-04-28
344,19309,32,6885,12424,64.34,64.18,64.17,2023-04-29
345,19954,32,7449,12505,62.67,62.51,62.5,2023-04-30
346,16953,1,6127,10826,63.86,63.85,63.85,2023-05-01
347,15815,1,5607,10208,64.55,64.54,64.54,2023-05-02
348,18079,35,6613,11466,63.42,63.23,63.23,2023-05-03
349,21206,85,8061,13145,61.99,61.59,61.59,2023-05-04
350,20169,109,7590,12579,62.37,61.83,61.83,2023-05-05
351,18870,27,6950,11920,63.17,63.03,63.03,2023-05-06
352,18446,20,6906,11540,62.56,62.45,62.45,2023-05-07
353,16510,12,6267,10243,62.04,61.97,61.97,2023-05-08
354,21080,258,7575,13505,64.07,62.84,62.85,2023-05-09
355,17829,84,7368,10461,58.67,58.2,58.2,2023-05-10
356,17518,73,7046,10472,59.78,59.36,59.36,2023-05-11
357,19007,131,7794,11213,58.99,58.3,58.32,2023-05-12
358,20402,264,8428,11974,58.69,57.4,57.41,2023-05-13
359,18371,126,7263,11108,60.46,59.78,59.78,2023-05-14
360,16021,29,6112,9909,61.85,61.67,61.67,2023-05-15
361,14688,14,5583,9105,61.99,61.89,61.89,2023-05-16
362,17243,18,6750,10493,60.85,60.75,60.76,2023-05-17
363,16166,8,6248,9918,61.35,61.3,61.3,2023-05-18
364,16450,87,6143,10307,62.66,62.13,62.11,2023-05-19
365,15750,17,5854,9896,62.83,62.72,62.72,2023-05-20
366,16929,0,6326,10603,62.63,62.63,62.63,2023-05-21
367,16320,1,5919,10401,63.73,63.73,63.73,2023-05-22
368,15803,0,5725,10078,63.77,63.77,63.77,2023-05-23
369,16595,0,6396,10199,61.46,61.46,61.46,2023-05-24
370,19723,114,7385,12338,62.56,61.98,61.98,2023-05-25
371,21308,51,7988,13320,62.51,62.27,62.28,2023-05-26
372,16871,1,6060,10811,64.08,64.07,64.07,2023-05-27
373,16452,11,5729,10723,65.18,65.11,65.11,2023-05-28
374,17750,0,6622,11128,62.69,62.69,62.69,2023-05-29
375,18021,4,6618,11403,63.28,63.25,63.25,2023-05-30
376,18953,1,6971,11982,63.22,63.21,63.21,2023-05-31
377,21963,21,8162,13801,62.84,62.74,62.74,2023-06-01
378,20889,16,7947,12942,61.96,61.88,61.89,2023-06-02
379,17829,17,6528,11301,63.39,63.29,63.29,2023-06-03
380,17668,6,6186,11482,64.99,64.95,64.95,2023-06-04
381,20698,24,7614,13084,63.21,63.1,63.1,2023-06-05
382,22386,250,7944,14442,64.51,63.4,63.4,2023-06-06
383,17941,5,6735,11206,62.46,62.43,62.43,2023-06-07
384,18041,0,6560,11481,63.64,63.64,63.64,2023-06-08
385,18486,2,6884,11602,62.76,62.75,62.75,2023-06-09
386,17670,6,6453,11217,63.48,63.45,63.45,2023-06-10
387,17792,3,6464,11328,63.67,63.65,63.65,2023-06-11
388,18376,0,6775,11601,63.13,63.13,63.13,2023-06-12
389,17868,0,6554,11314,63.32,63.32,63.32,2023-06-13
390,17488,14,6350,11138,63.69,63.61,63.61,2023-06-14
391,16694,0,6118,10576,63.35,63.35,63.35,2023-06-15
392,17467,43,6506,10961,62.75,62.51,62.51,2023-06-16
393,16418,0,5928,10490,63.89,63.89,63.89,2023-06-17
394,15287,0,5396,9891,64.7,64.7,64.7,2023-06-18
395,16528,0,6232,10296,62.29,62.29,62.29,2023-06-19
396,17680,21,6596,11084,62.69,62.57,62.57,2023-06-20
397,17109,11,6270,10839,63.35,63.29,63.29,2023-06-21
398,15944,0,5830,10114,63.43,63.43,63.43,2023-06-22
399,16914,0,6140,10774,63.7,63.7,63.7,2023-06-23
400,15745,1,5860,9885,62.78,62.78,62.78,2023-06-24
401,17746,23,6507,11239,63.33,63.2,63.2,2023-06-25
402,19811,321,7533,12278,61.98,60.38,60.38,2023-06-26
403,19124,61,7120,12004,62.77,62.45,62.45,2023-06-27
404,18679,23,6811,11868,63.54,63.41,63.41,2023-06-28
405,15458,38,5525,9933,64.26,64.01,64.01,2023-06-29
406,17123,9,6510,10613,61.98,61.93,61.93,2023-06-30
407,17865,10,6609,11256,63.01,62.95,62.95,2023-07-01
408,17661,48,6446,11215,63.5,63.23,63.23,2023-07-02
409,22949,442,8358,14591,63.58,61.66,61.66,2023-07-03
410,21707,124,7895,13812,63.63,63.06,63.06,2023-07-04
411,20153,227,7184,12969,64.35,63.23,63.23,2023-07-05
412,18885,118,6626,12259,64.91,64.29,64.29,2023-07-06
413,18467,165,6488,11979,64.87,63.97,63.97,2023-07-07
414,17474,307,6112,11362,65.02,63.27,63.27,2023-07-08
415,16603,220,5561,11042,66.51,65.19,65.19,2023-07-09
416,20710,361,7288,13422,64.81,63.07,63.07,2023-07-10
417,20342,133,7287,13055,64.18,63.54,63.54,2023-07-11
418,17603,69,6234,11369,64.59,64.19,64.19,2023-07-12
419,17314,96,6076,11238,64.91,64.35,64.35,2023-07-13
420,17286,8,6039,11247,65.06,65.02,65.02,2023-07-14
421,16011,47,5557,10454,65.29,65.0,65.0,2023-07-15
422,16675,38,5816,10859,65.12,64.89,64.89,2023-07-16
423,16578,17,5932,10646,64.22,64.12,64.12,2023-07-17
424,16356,31,5794,10562,64.58,64.39,64.39,2023-07-18
425,15627,1,5394,10233,65.48,65.48,65.48,2023-07-19
426,16954,15,5890,11064,65.26,65.17,65.17,2023-07-20
427,17342,5,6092,11250,64.87,64.84,64.84,2023-07-21
428,17313,58,5913,11400,65.85,65.51,65.51,2023-07-22
429,15818,19,5390,10428,65.92,65.8,65.8,2023-07-23
430,17558,36,6093,11465,65.3,65.1,65.1,2023-07-24
431,21207,332,7360,13847,65.29,63.73,63.73,2023-07-25
432,20560,244,7281,13279,64.59,63.42,63.41,2023-07-26
433,20052,145,7139,12913,64.4,63.68,63.68,2023-07-27
434,19907,81,7170,12737,63.98,63.58,63.58,2023-07-28
435,18435,107,6509,11926,64.69,64.11,64.11,2023-07-29
436,16091,3,5453,10638,66.11,66.09,66.09,2023-07-30
437,20537,64,7207,13330,64.91,64.6,64.6,2023-07-31
438,23804,347,8556,15248,64.06,62.61,62.61,2023-08-01
439,20851,121,7289,13562,65.04,64.47,64.47,2023-08-02
440,19520,162,6796,12724,65.18,64.36,64.36,2023-08-03
441,18095,26,6323,11772,65.06,64.92,64.92,2023-08-04
442,17335,79,5977,11358,65.52,65.06,65.06,2023-08-05
443,15967,34,5510,10457,65.49,65.28,65.27,2023-08-06
444,18123,21,6419,11704,64.58,64.47,64.47,2023-08-07
445,20949,167,7093,13856,66.14,65.34,65.34,2023-08-08
446,17538,41,6117,11421,65.12,64.89,64.89,2023-08-09
447,18196,43,6382,11814,64.93,64.69,64.69,2023-08-10
448,18113,32,6516,11597,64.03,63.85,63.85,2023-08-11
449,15987,16,5479,10508,65.73,65.63,65.63,2023-08-12
450,15277,26,5318,9959,65.19,65.02,65.02,2023-08-13
451,16342,0,5726,10616,64.96,64.96,64.96,2023-08-14
452,18294,197,6455,11839,64.72,63.64,63.64,2023-08-15
453,16745,193,6003,10742,64.15,63.0,63.0,2023-08-16
454,14139,28,4778,9361,66.21,66.01,66.01,2023-08-17
455,16149,8,5597,10552,65.34,65.29,65.29,2023-08-18
456,15179,1,5084,10095,66.51,66.5,66.5,2023-08-19
457,16643,0,5664,10979,65.97,65.97,65.97,2023-08-20
458,20699,113,6988,13711,66.24,65.7,65.7,2023-08-21
459,18233,15,6317,11916,65.35,65.27,65.27,2023-08-22
460,16501,0,5772,10729,65.02,65.02,65.02,2023-08-23
461,16716,6,5791,10925,65.36,65.32,65.32,2023-08-24
462,21184,54,7403,13781,65.05,64.8,64.8,2023-08-25
463,18894,106,6491,12403,65.65,65.08,65.08,2023-08-26
464,16326,0,5369,10957,67.11,67.11,67.11,2023-08-27
465,19125,69,6749,12376,64.71,64.36,64.36,2023-08-28
466,18572,0,6509,12063,64.95,64.95,64.95,2023-08-29
467,17989,3,6382,11607,64.52,64.51,64.51,2023-08-30
468,19528,40,6854,12674,64.9,64.7,64.7,2023-08-31
469,22295,90,7600,14695,65.91,65.51,65.51,2023-09-01
470,19378,11,6621,12757,65.83,65.78,65.78,2023-09-02
471,17363,4,5786,11577,66.68,66.65,66.65,2023-09-03
472,19964,88,7187,12777,64.0,63.56,63.56,2023-09-04
473,19118,14,6997,12121,63.4,63.33,63.33,2023-09-05
474,18446,3,6807,11639,63.1,63.08,63.08,2023-09-06
475,18002,14,6678,11324,62.9,62.83,62.83,2023-09-07
476,17650,0,6505,11145,63.14,63.14,63.14,2023-09-08
477,16655,0,6097,10558,63.39,63.39,63.39,2023-09-09
478,16524,0,6076,10448,63.23,63.23,63.23,2023-09-10
479,19473,269,8342,11131,57.16,55.78,55.78,2023-09-11
480,16715,4,6717,9998,59.81,59.79,59.79,2023-09-12
481,16647,4,7120,9527,57.23,57.21,57.21,2023-09-13
482,16479,4,6668,9811,59.54,59.51,59.51,2023-09-14
483,16241,0,6220,10021,61.7,61.7,61.7,2023-09-15
484,15139,0,5640,9499,62.75,62.75,62.75,2023-09-16
485,14532,0,5443,9089,62.54,62.54,62.54,2023-09-17
486,16145,0,6072,10073,62.39,62.39,62.39,2023-09-18
487,15861,0,6076,9785,61.69,61.69,61.69,2023-09-19
488,16661,0,6183,10478,62.89,62.89,62.89,2023-09-20
489,16605,0,6454,10151,61.13,61.13,61.13,2023-09-21
490,15419,0,5934,9485,61.52,61.52,61.52,2023-09-22
491,15238,0,6048,9190,60.31,60.31,60.31,2023-09-23
492,14573,0,5285,9288,63.73,63.73,63.73,2023-09-24
493,23078,308,8915,14163,61.37,60.04,60.04,2023-09-25
494,23115,162,8847,14268,61.73,61.03,61.03,2023-09-26
495,20655,105,8093,12562,60.82,60.31,60.31,2023-09-27
496,18573,83,7277,11296,60.82,60.37,60.37,2023-09-28
497,19941,128,7790,12151,60.93,60.3,60.3,2023-09-29
498,19398,56,7373,12025,61.99,61.71,61.71,2023-09-30
499,19872,148,7497,12375,62.27,61.53,61.53,2023-10-01
500,21545,113,8558,12987,60.28,59.76,59.76,2023-10-02
501,20667,304,7770,12897,62.4,60.93,60.93,2023-10-03
502,18614,129,6991,11623,62.44,61.75,61.75,2023-10-04
503,19155,54,7271,11884,62.04,61.77,61.77,2023-10-05
504,18101,43,6895,11206,61.91,61.67,61.67,2023-10-06
505,15582,34,5985,9597,61.59,61.38,61.38,2023-10-07
506,15031,9,5560,9471,63.01,62.95,62.95,2023-10-08
507,16336,23,6180,10156,62.17,62.03,62.03,2023-10-09
508,18388,14,7182,11206,60.94,60.87,60.87,2023-10-10
509,18004,24,7180,10824,60.12,59.99,59.99,2023-10-11
510,17139,0,6800,10339,60.32,60.32,60.32,2023-10-12
511,15446,18,5947,9499,61.5,61.39,61.39,2023-10-13
512,14543,0,5502,9041,62.17,62.17,62.17,2023-10-14
513,14556,0,5580,8976,61.67,61.67,61.67,2023-10-15
514,16786,5,6730,10056,59.91,59.88,59.88,2023-10-16
515,15533,0,6062,9471,60.97,60.97,60.97,2023-10-17
516,15014,0,5749,9265,61.71,61.71,61.71,2023-10-18
517,16950,26,6627,10323,60.9,60.75,60.75,2023-10-19
518,16241,0,6705,9536,58.72,58.72,58.72,2023-10-20
519,16444,63,6679,9765,59.38,59.0,59.0,2023-10-21
520,14266,0,5558,8708,61.04,61.04,61.04,2023-10-22
521,16307,13,6555,9752,59.8,59.72,59.72,2023-10-23
522,16823,6,7020,9803,58.27,58.24,58.24,2023-10-24
523,20753,190,8464,12289,59.22,58.3,58.3,2023-10-25
524,22101,117,8930,13171,59.59,59.07,59.07,2023-10-26
525,25273,75,9334,15939,63.07,62.77,62.77,2023-10-27
526,18435,89,7333,11102,60.22,59.75,59.75,2023-10-28
527,16746,15,6955,9791,58.47,58.38,58.38,2023-10-29
528,17428,16,7148,10280,58.99,58.89,58.89,2023-10-30
529,19235,41,7957,11278,58.63,58.42,58.42,2023-10-31
530,20770,151,8561,12209,58.78,58.06,58.06,2023-11-01
531,19776,60,8246,11530,58.3,58.0,58.0,2023-11-02
532,17374,59,7043,10331,59.46,59.12,59.12,2023-11-03
533,14822,14,6026,8796,59.34,59.26,59.26,2023-11-04
534,14877,109,6081,8796,59.12,58.4,58.4,2023-11-05
535,16308,12,6515,9793,60.05,59.98,59.98,2023-11-06
536,16033,6,6463,9570,59.69,59.65,59.65,2023-11-07
537,14994,19,6172,8822,58.84,58.71,58.71,2023-11-08
538,15876,118,6418,9458,59.57,58.83,58.83,2023-11-09
539,14887,10,6029,8858,59.5,59.43,59.43,2023-11-10
540,15122,17,6076,9046,59.82,59.73,59.73,2023-11-11
541,13246,6,5096,8150,61.53,61.48,61.48,2023-11-12
542,14165,1,5675,8490,59.94,59.93,59.93,2023-11-13
543,13524,0,5484,8040,59.45,59.45,59.45,2023-11-14
544,13895,10,5793,8102,58.31,58.24,58.24,2023-11-15
545,14130,12,5688,8442,59.75,59.66,59.66,2023-11-16
546,16117,191,6143,9974,61.88,60.7,60.7,2023-11-17
547,14554,35,5730,8824,60.63,60.39,60.39,2023-11-18
548,12463,11,4926,7537,60.48,60.39,60.39,2023-11-19
549,16730,5,6519,10211,61.03,61.0,61.0,2023-11-20
550,15510,11,6254,9256,59.68,59.61,59.61,2023-11-21
551,14916,15,6743,8173,54.79,54.69,54.69,2023-11-22
552,15457,4,6215,9242,59.79,59.77,59.77,2023-11-23
553,15976,4,6204,9772,61.17,61.14,61.14,2023-11-24
554,16382,2,6063,10319,62.99,62.98,62.98,2023-11-25
555,15105,2,5471,9634,63.78,63.77,63.77,2023-11-26
556,15891,10,5908,9983,62.82,62.76,62.76,2023-11-27
557,16245,6,5966,10279,63.27,63.24,63.24,2023-11-28
558,15710,0,5777,9933,63.23,63.23,63.23,2023-11-29
559,19692,105,7110,12582,63.89,63.37,63.37,2023-11-30
560,20282,289,7335,12947,63.83,62.41,62.41,2023-12-01
561,16370,12,5928,10442,63.79,63.71,63.71,2023-12-02
562,15120,11,5651,9469,62.63,62.55,62.55,2023-12-03
563,18315,9,6702,11613,63.41,63.36,63.36,2023-12-04
564,16954,21,6354,10600,62.52,62.4,62.4,2023-12-05
565,16344,8,6337,10007,61.23,61.18,61.18,2023-12-06
566,15538,16,6075,9463,60.9,60.8,60.8,2023-12-07
567,15344,3,6131,9213,60.04,60.02,60.02,2023-12-08
568,13398,3,5060,8338,62.23,62.21,62.21,2023-12-09
569,14514,6,5411,9103,62.72,62.68,62.68,2023-12-10
570,16336,43,6160,10176,62.29,62.03,62.03,2023-12-11
571,15327,4,5651,9676,63.13,63.11,63.11,2023-12-12
572,14762,25,5425,9337,63.25,63.08,63.08,2023-12-13
573,14244,5,5442,8802,61.79,61.76,61.76,2023-12-14
574,14020,0,5386,8634,61.58,61.58,61.58,2023-12-15
575,13239,3,4946,8293,62.64,62.62,62.62,2023-12-16
576,12073,0,4434,7639,63.27,63.27,63.27,2023-12-17
577,14033,11,5294,8739,62.27,62.2,62.2,2023-12-18
578,13539,7,4978,8561,63.23,63.18,63.18,2023-12-19
579,14119,5,5301,8818,62.45,62.42,62.42,2023-12-20
580,13808,21,5170,8638,62.56,62.41,62.41,2023-12-21
581,13908,99,5180,8728,62.76,62.05,62.05,2023-12-22
582,14181,33,5460,8721,61.5,61.27,61.27,2023-12-23
583,13307,37,4991,8316,62.49,62.22,62.22,2023-12-24
584,14928,23,5603,9325,62.47,62.32,62.32,2023-12-25
585,16624,43,6521,10103,60.77,60.51,60.51,2023-12-26
586,15663,18,5887,9776,62.41,62.31,62.31,2023-12-27
587,16620,28,6511,10109,60.82,60.66,60.66,2023-12-28
588,16659,83,6357,10302,61.84,61.35,61.35,2023-12-29
589,15241,60,5756,9485,62.23,61.84,61.84,2023-12-30
590,13206,6,4955,8251,62.48,62.43,62.43,2023-12-31
591,15343,21,5637,9706,63.26,63.12,63.12,2024-01-01
592,18680,209,6823,11857,63.47,62.36,62.36,2024-01-02
593,17443,64,6444,10999,63.06,62.69,62.69,2024-01-03
594,16577,33,6462,10115,61.02,60.82,60.82,2024-01-04
595,17281,186,6564,10717,62.02,60.95,60.95,2024-01-05
596,17877,344,6055,11822,66.13,64.21,64.21,2024-01-06
597,14580,58,5333,9247,63.42,63.02,63.02,2024-01-07
598,15414,47,5978,9436,61.22,60.92,60.92,2024-01-08
599,15129,16,5840,9289,61.4,61.29,61.29,2024-01-09
600,16467,55,6247,10220,62.06,61.74,61.74,2024-01-10
601,16272,18,6290,9982,61.34,61.23,61.23,2024-01-11
602,14498,35,5359,9139,63.04,62.79,62.79,2024-01-12
603,15209,16,5825,9384,61.7,61.6,61.6,2024-01-13
604,14553,58,5648,8905,61.19,60.81,60.81,2024-01-14
605,14991,19,5659,9332,62.25,62.13,62.13,2024-01-15
606,14963,2,5618,9345,62.45,62.44,62.44,2024-01-16
607,14800,58,5610,9190,62.09,61.7,61.7,2024-01-17
608,14910,13,5453,9457,63.43,63.35,63.35,2024-01-18
609,14277,25,5261,9016,63.15,62.98,62.98,2024-01-19
610,13750,60,5036,8714,63.37,62.94,62.94,2024-01-20
611,13115,11,4635,8480,64.66,64.57,64.57,2024-01-21
612,13917,23,5204,8713,62.61,62.44,62.44,2024-01-22
613,13587,10,5097,8490,62.49,62.41,62.41,2024-01-23
614,13572,21,5103,8469,62.4,62.25,62.25,2024-01-24
615,18332,751,7076,11256,61.4,57.32,57.32,2024-01-25
616,20485,1020,9113,11372,55.51,50.54,50.54,2024-01-26
617,17160,985,8030,9130,53.21,47.47,47.47,2024-01-27
618,15411,878,7323,8088,52.48,46.8,46.8,2024-01-28
619,18770,1231,8591,10179,54.23,47.7,47.69,2024-01-29
620,16315,300,7616,8699,53.32,51.49,51.49,2024-01-30
621,19560,951,8433,11127,56.89,52.04,52.04,2024-01-31
622,20263,954,8601,11662,57.55,52.87,52.86,2024-02-01
623,25518,1458,10011,15507,60.77,55.06,55.05,2024-02-02
624,17036,555,6501,10535,61.84,58.58,58.58,2024-02-03
625,14061,246,5422,8639,61.44,59.69,59.69,2024-02-04
626,16483,326,6589,9894,60.03,58.05,58.05,2024-02-05
627,15730,234,6375,9355,59.47,58.0,58.0,2024-02-06
628,15004,167,6049,8955,59.68,58.59,58.59,2024-02-07
629,14258,42,5839,8419,59.05,58.77,58.77,2024-02-08
630,14267,76,5770,8497,59.56,59.02,59.02,2024-02-09
631,13523,48,5458,8065,59.64,59.28,59.28,2024-02-10
632,13453,47,5485,7968,59.23,58.89,58.89,2024-02-11
633,14017,70,5670,8347,59.55,59.05,59.04,2024-02-12
634,12410,8,5112,7298,58.81,58.74,58.74,2024-02-13
635,9870,40,4094,5776,58.52,58.12,58.12,2024-02-14
636,11868,30,5062,6806,57.35,57.09,57.09,2024-02-15
637,13086,10,5599,7487,57.21,57.14,57.14,2024-02-16
638,13582,77,5457,8125,59.82,59.25,59.25,2024-02-17
639,13458,112,5481,7977,59.27,58.45,58.45,2024-02-18
640,14505,5,5772,8733,60.21,60.18,60.18,2024-02-19
641,15837,19,6151,9686,61.16,61.05,61.05,2024-02-20
642,14650,54,5930,8720,59.52,59.15,59.15,2024-02-21
643,13340,26,5508,7832,58.71,58.52,58.52,2024-02-22
644,13845,43,5511,8334,60.2,59.89,59.89,2024-02-23
645,13909,38,5622,8287,59.58,59.31,59.31,2024-02-24
646,15063,245,5944,9119,60.54,58.92,58.92,2024-02-25
647,16268,226,6459,9809,60.3,58.91,58.91,2024-02-26
648,15478,43,6424,9054,58.5,58.22,58.22,2024-02-27
649,17539,178,6852,10687,60.93,59.92,59.92,2024-02-28
650,18932,727,7250,11682,61.71,57.87,57.87,2024-02-29
651,18679,559,7497,11182,59.86,56.88,56.88,2024-03-01
652,16276,486,6426,9850,60.52,57.55,57.55,2024-03-02
653,14468,164,5825,8643,59.74,58.61,58.61,2024-03-03
654,16069,207,6446,9623,59.89,58.6,58.6,2024-03-04
655,16174,227,6402,9772,60.42,59.01,59.01,2024-03-05
656,15185,205,6486,8699,57.29,55.96,55.96,2024-03-06
657,14408,181,6441,7967,55.3,54.05,54.05,2024-03-07
658,14631,125,6572,8059,55.08,54.23,54.23,2024-03-08
659,13554,80,6101,7453,54.99,54.4,54.4,2024-03-09
660,13914,241,5953,7961,57.22,55.48,55.48,2024-03-10
661,14600,23,6703,7897,54.09,53.94,53.94,2024-03-11
662,12435,3,5594,6841,55.01,54.99,54.99,2024-03-12
663,12858,68,5886,6972,54.22,53.69,53.69,2024-03-13
664,13655,43,5920,7735,56.65,56.34,56.34,2024-03-14
665,14778,73,6994,7784,52.67,52.18,52.18,2024-03-15
666,13902,60,6361,7541,54.24,53.81,53.81,2024-03-16
667,14123,140,6485,7638,54.08,53.09,53.09,2024-03-17
668,13710,52,6231,7479,54.55,54.18,54.18,2024-03-18
669,13846,108,6109,7737,55.88,55.1,55.1,2024-03-19
670,14400,238,6300,8100,56.25,54.6,54.6,2024-03-20
671,14785,53,7055,7730,52.28,51.92,51.92,2024-03-21
672,13477,103,6172,7305,54.2,53.44,53.44,2024-03-22
673,14101,134,6708,7393,52.43,51.49,51.49,2024-03-23
674,12780,79,5808,6972,54.55,53.94,53.94,2024-03-24
675,16913,539,7864,9049,53.5,50.32,50.32,2024-03-25
676,15684,31,7716,7968,50.8,50.61,50.61,2024-03-26
677,15549,79,7597,7952,51.14,50.63,50.63,2024-03-27
678,16417,129,7540,8877,54.07,53.29,53.29,2024-03-28
679,15018,78,7154,7864,52.36,51.85,51.85,2024-03-29
680,15575,87,7515,8060,51.75,51.21,51.21,2024-03-30
681,13263,4,5891,7372,55.58,55.55,55.55,2024-03-31
682,17303,1033,7172,10131,58.55,52.58,52.58,2024-04-01
683,17956,1084,7693,10263,57.16,51.13,51.13,2024-04-02
684,15972,788,6952,9020,56.47,51.55,51.55,2024-04-03
685,15077,693,6656,8421,55.85,51.26,51.26,2024-04-04
686,14597,791,6244,8353,57.22,51.81,51.81,2024-04-05
687,13239,305,5815,7424,56.08,53.78,53.78,2024-04-06
688,11384,107,5024,6360,55.87,54.93,54.93,2024-04-07
689,11594,129,5072,6522,56.25,55.14,55.14,2024-04-08
690,10200,139,4452,5748,56.35,54.99,54.99,2024-04-09
691,7054,62,3074,3980,56.42,55.56,55.56,2024-04-10
692,8214,170,3582,4632,56.39,54.35,54.35,2024-04-11
693,10690,142,4886,5804,54.29,52.97,52.97,2024-04-12
694,10700,113,4874,5826,54.45,53.39,53.39,2024-04-13
695,10402,154,4689,5713,54.92,53.44,53.44,2024-04-14
696,11944,331,5388,6556,54.89,52.12,52.12,2024-04-15
697,12585,273,5595,6990,55.54,53.4,53.4,2024-04-16
698,12962,336,5887,7075,54.58,51.99,51.99,2024-04-17
699,12907,177,5852,7055,54.66,53.29,53.29,2024-04-18
700,12954,359,5927,7027,54.25,51.48,51.48,2024-04-19
701,12771,314,5710,7061,55.29,52.83,52.83,2024-04-20
702,11389,168,5071,6318,55.47,54.0,54.0,2024-04-21
703,12796,223,5907,6889,53.84,52.1,52.1,2024-04-22
704,12482,174,5861,6621,53.04,51.65,51.65,2024-04-23
705,13015,73,6076,6939,53.32,52.76,52.76,2024-04-24
706,15961,238,7397,8564,53.66,52.16,52.16,2024-04-25
707,16242,410,7481,8761,53.94,51.42,51.42,2024-04-26
708,13541,134,6531,7010,51.77,50.78,50.78,2024-04-27
709,12872,58,6360,6512,50.59,50.14,50.14,2024-04-28
710,14341,347,6636,7705,53.73,51.33,51.33,2024-04-29
711,17792,998,7587,10205,57.36,51.75,51.75,2024-04-30
712,20835,1402,9077,11758,56.43,49.71,49.71,2024-05-01
713,20337,1148,9107,11230,55.22,49.57,49.57,2024-05-02
714,17121,863,7790,9331,54.5,49.47,49.46,2024-05-03
715,15213,609,6996,8217,54.01,50.03,50.03,2024-05-04
716,14486,199,6941,7545,52.08,50.72,50.72,2024-05-05
717,15217,456,6971,8246,54.19,51.21,51.21,2024-05-06
718,14317,207,6717,7600,53.08,51.64,51.64,2024-05-07
719,14499,342,6836,7663,52.85,50.51,50.51,2024-05-08
720,13853,205,6458,7395,53.38,51.92,51.92,2024-05-09
721,15122,233,7005,8117,53.68,52.14,52.14,2024-05-10
722,15009,193,7172,7837,52.22,50.93,50.93,2024-05-11
723,13971,204,6646,7325,52.43,50.97,50.97,2024-05-12
724,14397,113,6924,7473,51.91,51.12,51.11,2024-05-13
725,14044,118,6609,7435,52.94,52.11,52.11,2024-05-14
726,13938,232,6425,7513,53.9,52.25,52.25,2024-05-15
727,14412,275,6596,7816,54.23,52.32,52.32,2024-05-16
728,13298,176,6168,7130,53.62,52.29,52.29,2024-05-17
729,12979,139,6053,6926,53.36,52.31,52.31,2024-05-18
730,12807,147,6037,6770,52.86,51.71,51.71,2024-05-19
731,14249,250,6980,7269,51.01,49.27,49.26,2024-05-20
732,14529,340,7472,7057,48.57,46.24,46.24,2024-05-21
733,13811,265,7063,6748,48.86,46.95,46.95,2024-05-22
734,12854,35,6439,6415,49.91,49.63,49.63,2024-05-23
735,13367,69,6644,6723,50.3,49.78,49.78,2024-05-24
736,14802,69,7396,7406,50.03,49.57,49.57,2024-05-25
737,14625,139,7443,7182,49.11,48.16,48.16,2024-05-26
738,15272,194,7755,7517,49.22,47.96,47.95,2024-05-27
739,15711,134,7804,7907,50.33,49.48,49.48,2024-05-28
740,15117,189,7577,7540,49.88,48.64,48.63,2024-05-29
741,14839,152,7520,7319,49.32,48.31,48.3,2024-05-30
742,17213,353,8445,8768,50.94,48.89,48.88,2024-05-31
743,17906,225,8505,9401,52.5,51.26,51.26,2024-06-01
744,16220,247,7856,8364,51.57,50.04,50.04,2024-06-02
745,18142,449,8672,9470,52.2,49.74,49.72,2024-06-03
746,17103,269,8139,8964,52.41,50.84,50.84,2024-06-04
747,16633,116,7807,8826,53.06,52.37,52.37,2024-06-05
748,15850,49,7451,8399,52.99,52.68,52.68,2024-06-06
749,15457,103,7177,8280,53.57,52.91,52.91,2024-06-07
750,14746,14,6904,7842,53.18,53.09,53.09,2024-06-08
751,13920,32,6438,7482,53.75,53.52,53.52,2024-06-09
752,18398,546,9051,9347,50.8,47.85,47.84,2024-06-10
753,18485,465,9987,8498,45.97,43.47,43.46,2024-06-11
754,16796,433,8841,7955,47.36,44.8,44.78,2024-06-12
755,17691,505,9428,8263,46.71,43.88,43.87,2024-06-13
756,15613,117,8071,7542,48.31,47.57,47.57,2024-06-14
757,14657,109,7651,7006,47.8,47.06,47.06,2024-06-15
758,14296,102,7280,7016,49.08,48.37,48.37,2024-06-16
759,12557,111,6523,6034,48.05,47.17,47.16,2024-06-17
760,13914,50,7103,6811,48.95,48.59,48.59,2024-06-18
761,13697,16,6864,6833,49.89,49.77,49.77,2024-06-19
762,14274,49,7336,6938,48.61,48.26,48.26,2024-06-20
763,13475,30,6926,6549,48.6,48.38,48.38,2024-06-21
764,12595,0,6243,6352,50.43,50.43,50.43,2024-06-22
765,11818,0,5936,5882,49.77,49.77,49.77,2024-06-23
766,12934,11,6479,6455,49.91,49.82,49.82,2024-06-24
767,17937,357,8914,9023,50.3,48.32,48.31,2024-06-25
768,16082,148,8450,7632,47.46,46.57,46.57,2024-06-26
769,14561,22,7264,7297,50.11,49.98,49.98,2024-06-27
770,17444,48,8453,8991,51.54,51.27,51.27,2024-06-28
771,14890,118,7381,7509,50.43,49.64,49.64,2024-06-29
772,13728,12,6833,6895,50.23,50.14,50.14,2024-06-30
773,19145,393,9100,10045,52.47,50.43,50.42,2024-07-01
774,18682,187,9220,9462,50.65,49.65,49.65,2024-07-02
775,16188,86,7944,8244,50.93,50.4,50.4,2024-07-03
776,15192,95,7519,7673,50.51,49.89,49.89,2024-07-04
777,15613,112,7555,8058,51.61,50.9,50.89,2024-07-05
778,14064,5,6921,7143,50.79,50.75,50.75,2024-07-06
779,13217,2,6406,6811,51.53,51.52,51.52,2024-07-07
780,14335,16,7186,7149,49.87,49.76,49.76,2024-07-08
781,14096,16,6887,7209,51.14,51.03,51.03,2024-07-09
782,14530,29,7187,7343,50.54,50.34,50.34,2024-07-10
783,13923,0,6863,7060,50.71,50.71,50.71,2024-07-11
784,12778,0,6214,6564,51.37,51.37,51.37,2024-07-12
785,11868,7,5853,6015,50.68,50.62,50.62,2024-07-13
786,10500,0,5139,5361,51.06,51.06,51.06,2024-07-14
787,12738,5,6382,6356,49.9,49.86,49.86,2024-07-15
788,12242,0,6081,6161,50.33,50.33,50.33,2024-07-16
789,12893,2,6308,6585,51.07,51.06,51.06,2024-07-17
790,12962,7,6362,6600,50.92,50.86,50.86,2024-07-18
791,12391,0,6201,6190,49.96,49.96,49.96,2024-07-19
792,11750,0,5817,5933,50.49,50.49,50.49,2024-07-20
793,12017,0,5855,6162,51.28,51.28,51.28,2024-07-21
794,12049,0,5875,6174,51.24,51.24,51.24,2024-07-22
795,11805,0,5834,5971,50.58,50.58,50.58,2024-07-23
796,12050,0,5827,6223,51.64,51.64,51.64,2024-07-24
797,14477,3,6924,7553,52.17,52.15,52.15,2024-07-25
798,14608,6,6978,7630,52.23,52.19,52.19,2024-07-26
799,12357,0,6006,6351,51.4,51.4,51.4,2024-07-27
800,11522,0,5441,6081,52.78,52.78,52.78,2024-07-28
801,13136,0,6212,6924,52.71,52.71,52.71,2024-07-29
802,12728,1,6050,6678,52.47,52.46,52.46,2024-07-30
803,13939,0,6582,7357,52.78,52.78,52.78,2024-07-31
804,15770,4,7338,8432,53.47,53.44,53.44,2024-08-01
805,15057,4,7157,7900,52.47,52.45,52.45,2024-08-02
806,12906,0,6201,6705,51.95,51.95,51.95,2024-08-03
807,11604,3,5488,6116,52.71,52.68,52.68,2024-08-04
808,13560,0,6375,7185,52.99,52.99,52.99,2024-08-05
809,14029,0,6495,7534,53.7,53.7,53.7,2024-08-06
810,12779,0,6099,6680,52.27,52.27,52.27,2024-08-07
811,12507,1,6098,6409,51.24,51.24,51.24,2024-08-08
812,12223,0,5910,6313,51.65,51.65,51.65,2024-08-09
813,12529,6,5883,6646,53.04,53.0,53.0,2024-08-10
814,11926,0,5754,6172,51.75,51.75,51.75,2024-08-11
815,12548,3,6006,6542,52.14,52.11,52.11,2024-08-12
816,11838,0,5635,6203,52.4,52.4,52.4,2024-08-13
817,11284,0,5597,5687,50.4,50.4,50.4,2024-08-14
818,12250,0,5844,6406,52.29,52.29,52.29,2024-08-15
819,11766,0,5578,6188,52.59,52.59,52.59,2024-08-16
820,9444,0,4624,4820,51.04,51.04,51.04,2024-08-17
821,9530,0,4648,4882,51.23,51.23,51.23,2024-08-18
822,11205,0,5454,5751,51.33,51.33,51.33,2024-08-19
823,11692,0,5781,5911,50.56,50.56,50.56,2024-08-20
824,11132,0,5385,5747,51.63,51.63,51.63,2024-08-21
825,11075,2,5372,5703,51.49,51.48,51.48,2024-08-22
826,11436,1,5463,5973,52.23,52.22,52.22,2024-08-23
827,11176,0,5450,5726,51.23,51.23,51.23,2024-08-24
828,12141,7,6017,6124,50.44,50.38,50.38,2024-08-25
829,14331,0,6969,7362,51.37,51.37,51.37,2024-08-26
830,17308,631,7933,9375,54.17,50.52,49.31,2024-08-27
831,30794,3235,13442,17352,56.35,45.84,45.79,2024-08-28
832,12814,0,6238,6576,51.32,51.32,51.32,2024-08-29
833,13087,1,6241,6846,52.31,52.3,52.3,2024-08-30
834,12662,0,5937,6725,53.11,53.11,53.11,2024-08-31
835,13195,3,6380,6815,51.65,51.63,51.63,2024-09-01
836,14897,0,7185,7712,51.77,51.77,51.77,2024-09-02
837,14634,11,7150,7484,51.14,51.07,51.07,2024-09-03
838,13667,6,6643,7024,51.39,51.35,51.35,2024-09-04
839,15926,65,7187,8739,54.87,54.46,54.46,2024-09-05
840,13244,252,6227,7017,52.98,51.08,51.08,2024-09-06
841,11759,0,5710,6049,51.44,51.44,51.44,2024-09-07
842,10379,0,5045,5334,51.39,51.39,51.39,2024-09-08
843,12487,4,6275,6212,49.75,49.72,49.72,2024-09-09
844,12554,11,6327,6227,49.6,49.51,49.51,2024-09-10
845,12604,1,6407,6197,49.17,49.16,49.16,2024-09-11
846,12107,28,6190,5917,48.87,48.64,48.64,2024-09-12
847,11562,14,5796,5766,49.87,49.75,49.75,2024-09-13
848,11746,3,5860,5886,50.11,50.09,50.09,2024-09-14
849,10732,0,5371,5361,49.95,49.95,49.95,2024-09-15
850,11006,0,5611,5395,49.02,49.02,49.02,2024-09-16
851,12349,12,6213,6136,49.69,49.59,49.59,2024-09-17
852,12003,4,6033,5970,49.74,49.7,49.7,2024-09-18
853,11906,1,6085,5821,48.89,48.88,48.88,2024-09-19
854,13038,0,6434,6604,50.65,50.65,50.65,2024-09-20
855,11497,9,5765,5732,49.86,49.78,49.78,2024-09-21
856,10720,23,5345,5375,50.14,49.93,49.93,2024-09-22
857,12097,2,6021,6076,50.23,50.21,50.21,2024-09-23
858,11907,0,5973,5934,49.84,49.84,49.84,2024-09-24
859,15056,63,7463,7593,50.43,50.01,50.01,2024-09-25
860,13947,9,6987,6960,49.9,49.84,49.84,2024-09-26
861,13476,3,6538,6938,51.48,51.46,51.46,2024-09-27
862,12764,0,6173,6591,51.64,51.64,51.64,2024-09-28
863,11355,25,5611,5744,50.59,50.37,50.37,2024-09-29
864,14939,3,7166,7773,52.03,52.01,52.01,2024-09-30
865,20927,282,9678,11249,53.75,52.41,52.41,2024-10-01
866,15922,34,7841,8081,50.75,50.54,50.54,2024-10-02
867,14516,10,7173,7343,50.59,50.52,50.52,2024-10-03
868,13392,15,6528,6864,51.25,51.14,51.14,2024-10-04
869,12612,8,6051,6561,52.02,51.96,51.95,2024-10-05
870,11212,0,5431,5781,51.56,51.56,51.56,2024-10-06
871,12895,1,6427,6468,50.16,50.15,50.15,2024-10-07
872,12311,0,6024,6287,51.07,51.07,51.07,2024-10-08
873,12019,0,6110,5909,49.16,49.16,49.16,2024-10-09
874,12512,0,6387,6125,48.95,48.95,48.95,2024-10-10
875,11574,1,5831,5743,49.62,49.61,49.61,2024-10-11
876,11574,1,5831,5743,49.62,49.61,49.61,2024-10-12
877,9932,0,4979,4953,49.87,49.87,49.87,2024-10-13
878,11029,1,5586,5443,49.35,49.34,49.34,2024-10-14
879,11412,0,5661,5751,50.39,50.39,50.39,2024-10-15
880,11529,0,5741,5788,50.2,50.2,50.2,2024-10-16
881,12142,0,5885,6257,51.53,51.53,51.53,2024-10-17
882,11417,5,5653,5764,50.49,50.44,50.44,2024-10-18
883,11114,2,5298,5816,52.33,52.31,52.31,2024-10-19
884,10467,0,5092,5375,51.35,51.35,51.35,2024-10-20
885,12612,0,6081,6531,51.78,51.78,51.78,2024-10-21
886,12320,0,5700,6620,53.73,53.73,53.73,2024-10-22
887,11865,0,5792,6073,51.18,51.18,51.18,2024-10-23
888,11532,0,5585,5947,51.57,51.57,51.57,2024-10-24
889,14362,11,6848,7514,52.32,52.24,52.24,2024-10-25
890,13158,21,6399,6759,51.37,51.21,51.21,2024-10-26
891,11464,2,5668,5796,50.56,50.54,50.54,2024-10-27
892,13408,4,6451,6957,51.89,51.86,51.86,2024-10-28
893,13011,13,6325,6686,51.39,51.29,51.29,2024-10-29
894,12391,0,5896,6495,52.42,52.42,52.42,2024-10-30
895,13940,26,6648,7292,52.31,52.14,52.14,2024-10-31
896,15922,170,7488,8434,52.97,51.9,51.9,2024-11-01
897,13814,56,6719,7095,51.36,50.96,50.96,2024-11-02
898,12681,1,6025,6656,52.49,52.48,52.48,2024-11-03
899,12951,10,6253,6698,51.72,51.65,51.65,2024-11-04
900,13180,8,6452,6728,51.05,50.99,50.99,2024-11-05
901,12910,3,6209,6701,51.91,51.88,51.88,2024-11-06
902,12481,3,6051,6430,51.52,51.49,51.49,2024-11-07
903,12038,0,5788,6250,51.92,51.92,51.92,2024-11-08
904,12006,34,5819,6187,51.53,51.25,51.25,2024-11-09
905,11083,0,5528,5555,50.12,50.12,50.12,2024-11-10
906,12769,7,6497,6272,49.12,49.06,49.06,2024-11-11
907,11928,12,5964,5964,50.0,49.9,49.9,2024-11-12
908,11375,0,5791,5584,49.09,49.09,49.09,2024-11-13
909,10777,0,5392,5385,49.97,49.97,49.97,2024-11-14
910,11552,0,5713,5839,50.55,50.55,50.55,2024-11-15
911,11213,0,5588,5625,50.16,50.16,50.16,2024-11-16
912,11156,0,5507,5649,50.64,50.64,50.64,2024-11-17
913,12906,34,6677,6229,48.26,48.0,48.0,2024-11-18
914,12246,2,6279,5967,48.73,48.72,48.72,2024-11-19
915,12072,0,6294,5778,47.86,47.86,47.86,2024-11-20
916,10998,1,5553,5445,49.51,49.5,49.5,2024-11-21
917,10707,1,5324,5383,50.28,50.27,50.27,2024-11-22
918,10353,14,5091,5262,50.83,50.69,50.69,2024-11-23
919,10081,0,5049,5032,49.92,49.92,49.92,2024-11-24
920,13960,25,6893,7067,50.62,50.45,50.45,2024-11-25
921,14450,67,7006,7444,51.52,51.05,51.05,2024-11-26
922,11063,0,5538,5525,49.94,49.94,49.94,2024-11-27
923,13420,2,6601,6819,50.81,50.8,50.8,2024-11-28
924,15232,29,7247,7985,52.42,52.23,52.23,2024-11-29
925,13863,31,6692,7171,51.73,51.5,51.5,2024-11-30
926,14791,146,7013,7778,52.59,51.61,51.61,2024-12-01
927,16531,118,7907,8624,52.17,51.46,51.46,2024-12-02
928,15052,42,7377,7675,50.99,50.71,50.71,2024-12-03
929,13212,4,6486,6726,50.91,50.88,50.88,2024-12-04
930,13455,30,6657,6798,50.52,50.3,50.3,2024-12-05
931,13450,0,6580,6870,51.08,51.08,51.08,2024-12-06
932,12360,9,6080,6280,50.81,50.74,50.74,2024-12-07
933,11302,0,5508,5794,51.27,51.27,51.27,2024-12-08
934,12809,3,6291,6518,50.89,50.86,50.86,2024-12-09
935,13612,5,6874,6738,49.5,49.46,49.46,2024-12-10
936,12935,10,6588,6347,49.07,48.99,48.99,2024-12-11
937,12132,2,6246,5886,48.52,48.5,48.5,2024-12-12
938,11859,43,6137,5722,48.25,47.89,47.89,2024-12-13
939,10621,30,5401,5220,49.15,48.87,48.87,2024-12-14
940,10169,8,5199,4970,48.87,48.8,48.8,2024-12-15
941,14116,30,6852,7264,51.46,51.25,51.25,2024-12-16
942,11870,0,5902,5968,50.28,50.28,50.28,2024-12-17
943,11959,24,5963,5996,50.14,49.94,49.94,2024-12-18
944,12123,40,5941,6182,50.99,50.66,50.66,2024-12-19
945,12251,20,5942,6309,51.5,51.33,51.33,2024-12-20
946,11421,0,5383,6038,52.87,52.87,52.87,2024-12-21
947,10853,24,5083,5770,53.17,52.94,52.94,2024-12-22
948,12862,1,6059,6803,52.89,52.88,52.88,2024-12-23
949,13745,30,6595,7150,52.02,51.8,51.8,2024-12-24
950,14737,3,7071,7666,52.02,52.0,52.0,2024-12-25
951,14367,0,6978,7389,51.43,51.43,51.43,2024-12-26
952,14250,1,6788,7462,52.36,52.36,52.36,2024-12-27
953,14405,64,6774,7631,52.97,52.53,52.53,2024-12-28
954,12754,167,5881,6873,53.89,52.58,52.58,2024-12-29
955,14325,67,6870,7455,52.04,51.58,51.58,2024-12-30
956,14031,10,6319,7712,54.96,54.89,54.89,2024-12-31
957,16507,182,7486,9021,54.65,53.55,53.55,2025-01-01
958,19826,239,8834,10992,55.44,54.24,54.24,2025-01-02
959,19463,470,8467,10996,56.5,54.09,54.09,2025-01-03
960,15971,242,7263,8708,54.52,53.02,53.01,2025-01-04
961,14048,88,6597,7451,53.04,52.41,52.41,2025-01-05
962,20752,930,8564,12188,58.73,54.26,54.26,2025-01-06
963,28728,1464,10664,18064,62.88,57.78,57.78,2025-01-07
964,39854,2999,12785,27069,67.92,60.41,58.39,2025-01-08
965,33926,3051,12543,21383,63.03,54.04,54.01,2025-01-09
966,26853,1806,10945,15908,59.24,52.52,52.52,2025-01-10
967,20757,870,8822,11935,57.5,53.31,53.31,2025-01-11
968,19959,874,8567,11392,57.08,52.71,52.71,2025-01-12
969,25436,1593,10428,15008,59.0,52.75,52.75,2025-01-13
970,15650,341,7556,8094,51.72,49.55,49.55,2025-01-14
971,15374,205,7187,8187,53.25,51.93,51.93,2025-01-15
972,13593,65,6495,7098,52.22,51.74,51.74,2025-01-16
973,12490,11,6148,6342,50.78,50.7,50.7,2025-01-17
974,12118,148,5711,6407,52.87,51.66,51.66,2025-01-18
975,11597,9,5571,6026,51.96,51.88,51.88,2025-01-19
976,13589,22,6588,7001,51.52,51.36,51.36,2025-01-20
977,12714,23,6119,6595,51.87,51.7,51.7,2025-01-21
978,12223,2,5924,6299,51.53,51.52,51.52,2025-01-22
979,12000,23,5835,6165,51.37,51.18,51.18,2025-01-23
980,13966,34,6553,7413,53.08,52.84,52.84,2025-01-24
981,16770,381,7846,8924,53.21,50.95,50.95,2025-01-25
982,15053,249,7380,7673,50.97,49.32,49.32,2025-01-26
983,13341,27,6558,6783,50.84,50.64,50.64,2025-01-27
984,14035,18,6772,7263,51.75,51.62,51.62,2025-01-28
985,12833,5,6051,6782,52.85,52.81,52.81,2025-01-29
986,13777,3,6638,7139,51.82,51.8,51.8,2025-01-30
987,16801,215,7640,9161,54.53,53.25,53.25,2025-01-31
988,17486,318,7927,9559,54.67,52.86,52.86,2025-02-01
989,15255,156,7147,8108,53.15,52.13,52.13,2025-02-02
990,16127,169,7534,8593,53.28,52.24,52.23,2025-02-03
991,16046,238,7598,8448,52.65,51.17,51.17,2025-02-04
992,16248,174,7807,8441,51.95,50.88,50.87,2025-02-05
993,15914,265,7529,8385,52.69,51.03,51.03,2025-02-06
994,14291,98,6926,7365,51.54,50.86,50.86,2025-02-07
995,12707,15,6222,6485,51.03,50.92,50.92,2025-02-08
996,12056,0,5732,6324,52.46,52.46,52.46,2025-02-09
997,15204,35,7337,7867,51.74,51.51,51.51,2025-02-10
998,14714,25,7264,7450,50.63,50.46,50.46,2025-02-11
999,13946,124,6752,7194,51.58,50.7,50.7,2025-02-12
1000,12804,0,6161,6643,51.88,51.88,51.88,2025-02-13
1001,12491,2,6069,6422,51.41,51.4,51.4,2025-02-14
1002,11771,8,5711,6060,51.48,51.41,51.41,2025-02-15
1003,10862,0,5321,5541,51.01,51.01,51.01,2025-02-16
1004,12170,0,5923,6247,51.33,51.33,51.33,2025-02-17
1005,12277,3,5973,6304,51.35,51.32,51.32,2025-02-18
1006,12770,1,6085,6685,52.35,52.34,52.34,2025-02-19
1007,12624,0,6115,6509,51.56,51.56,51.56,2025-02-20
1008,11864,3,5798,6066,51.13,51.1,51.1,2025-02-21
1009,10820,0,5176,5644,52.16,52.16,52.16,2025-02-22
1010,10296,0,4982,5314,51.61,51.61,51.61,2025-02-23
1011,11945,1,5716,6229,52.15,52.14,52.14,2025-02-24
1012,16341,193,7881,8460,51.77,50.6,50.6,2025-02-25
1013,13721,99,6754,6967,50.78,50.05,50.05,2025-02-26
1014,12178,3,5943,6235,51.2,51.17,51.17,2025-02-27
1015,17262,547,7851,9411,54.52,51.36,51.36,2025-02-28
1016,16730,562,7708,9022,53.93,50.57,50.57,2025-03-01
1017,13202,126,6232,6970,52.8,51.84,51.84,2025-03-02
1018,14544,16,7040,7504,51.6,51.49,51.49,2025-03-03
1019,13003,74,6290,6713,51.63,51.07,51.07,2025-03-04
1020,13248,92,6194,7054,53.25,52.56,52.56,2025-03-05
1021,13060,54,6292,6768,51.82,51.42,51.42,2025-03-06
1022,12549,19,6076,6473,51.58,51.43,51.43,2025-03-07
1023,11955,3,5817,6138,51.34,51.32,51.32,2025-03-08
1024,11497,7,5556,5941,51.67,51.61,51.61,2025-03-09
1025,13281,15,6474,6807,51.25,51.14,51.13,2025-03-10
1026,22671,1917,8576,14095,62.17,53.72,44.87,2025-03-11
1027,30819,4433,13013,17806,57.78,43.39,43.27,2025-03-12
1028,12214,9,6110,6104,49.98,49.9,49.9,2025-03-13
1029,11820,1,5798,6022,50.95,50.94,50.94,2025-03-14
1030,10969,0,5398,5571,50.79,50.79,50.79,2025-03-15
1031,10006,0,4859,5147,51.44,51.44,51.44,2025-03-16
1032,11365,2,5682,5683,50.0,49.99,49.99,2025-03-17
1033,11229,0,5540,5689,50.66,50.66,50.66,2025-03-18
1034,10929,2,5421,5508,50.4,50.38,50.38,2025-03-19
1035,20985,1956,7169,13816,65.84,56.52,46.05,2025-03-20
1036,35297,5444,14037,21260,60.23,44.81,44.71,2025-03-21
1037,11244,147,5339,5905,52.52,51.21,51.21,2025-03-22
1038,9368,0,4489,4879,52.08,52.08,52.08,2025-03-23
1039,10640,0,5062,5578,52.42,52.42,52.42,2025-03-24
1040,12091,3,5754,6337,52.41,52.39,52.39,2025-03-25
1041,11960,0,5732,6228,52.07,52.07,52.07,2025-03-26
1042,11926,3,5605,6321,53.0,52.98,52.98,2025-03-27
1043,12062,18,5562,6500,53.89,53.74,53.74,2025-03-28
1044,9782,6,4436,5346,54.65,54.6,54.6,2025-03-29
1045,8250,68,3783,4467,54.15,53.33,53.33,2025-03-30
1046,6280,9,2867,3413,54.35,54.2,54.2,2025-03-31
1047,8074,0,3853,4221,52.28,52.28,52.28,2025-04-01
1048,9470,1,4431,5039,53.21,53.2,53.2,2025-04-02
1049,9513,4,4493,5020,52.77,52.73,52.73,2025-04-03
1050,9839,0,4650,5189,52.74,52.74,52.74,2025-04-04
1051,9702,0,4552,5150,53.08,53.08,53.08,2025-04-05
1052,8861,0,4247,4614,52.07,52.07,52.07,2025-04-06
1053,10360,0,4969,5391,52.04,52.04,52.04,2025-04-07
1054,11675,8,5685,5990,51.31,51.24,51.24,2025-04-08
1055,11882,0,5775,6107,51.4,51.4,51.4,2025-04-09
1056,12504,22,6115,6389,51.1,50.92,50.92,2025-04-10
1057,11772,10,5810,5962,50.65,50.56,50.56,2025-04-11
1058,10224,6,4955,5269,51.54,51.48,51.48,2025-04-12
1059,9138,0,4461,4677,51.18,51.18,51.18,2025-04-13
1060,10737,0,5206,5531,51.51,51.51,51.51,2025-04-14
1061,10868,0,5266,5602,51.55,51.55,51.55,2025-04-15
1062,10382,0,5014,5368,51.7,51.7,51.7,2025-04-16
1063,10484,0,5015,5469,52.17,52.17,52.17,2025-04-17
1064,9850,0,4698,5152,52.3,52.3,52.3,2025-04-18
1065,9593,0,4449,5144,53.62,53.62,53.62,2025-04-19
1066,9434,0,4429,5005,53.05,53.05,53.05,2025-04-20
1067,10616,0,5073,5543,52.21,52.21,52.21,2025-04-21
1068,10706,0,5074,5632,52.61,52.61,52.61,2025-04-22
1069,10865,0,5087,5778,53.18,53.18,53.18,2025-04-23
1070,10638,0,4969,5669,53.29,53.29,53.29,2025-04-24
1071,12783,0,6151,6632,51.88,51.88,51.88,2025-04-25
1072,11574,4,5460,6114,52.83,52.79,52.79,2025-04-26
1073,10035,4,4675,5360,53.41,53.37,53.37,2025-04-27
1074,12379,3,5879,6500,52.51,52.48,52.48,2025-04-28
1075,12049,0,5550,6499,53.94,53.94,53.94,2025-04-29
1076,13227,37,6247,6980,52.77,52.49,52.49,2025-04-30
1077,14124,3,6397,7727,54.71,54.69,54.69,2025-05-01
1078,13260,7,6265,6995,52.75,52.7,52.7,2025-05-02
1079,11809,69,5373,6436,54.5,53.92,53.92,2025-05-03
1080,10735,0,4984,5751,53.57,53.57,53.57,2025-05-04
1081,12319,2,5781,6538,53.07,53.06,53.06,2025-05-05
1082,11930,2,5584,6346,53.19,53.18,53.18,2025-05-06
1083,11731,10,5403,6328,53.94,53.86,53.86,2025-05-07
1084,11493,0,5339,6154,53.55,53.55,53.55,2025-05-08
1085,11518,0,5441,6077,52.76,52.76,52.76,2025-05-09
1086,14267,283,6495,7772,54.48,52.49,52.49,2025-05-10
1087,23735,1540,9916,13819,58.22,51.74,51.74,2025-05-11
1088,12479,90,5777,6702,53.71,52.99,52.99,2025-05-12
1089,11227,4,5318,5909,52.63,52.6,52.6,2025-05-13
1090,11326,0,5276,6050,53.42,53.42,53.42,2025-05-14
1091,12116,1,5323,6793,56.07,56.06,56.06,2025-05-15
1092,11349,0,4528,6821,60.1,60.1,60.1,2025-05-16
1093,10957,0,4205,6752,61.62,61.62,61.62,2025-05-17
1094,10358,0,4176,6182,59.68,59.68,59.68,2025-05-18
1095,11542,0,4549,6993,60.59,60.59,60.59,2025-05-19
1096,11981,3,4769,7212,60.2,60.18,60.18,2025-05-20
1097,11487,0,4594,6893,60.01,60.01,60.01,2025-05-21
1098,11423,2,4534,6889,60.31,60.29,60.29,2025-05-22
1099,12252,0,4795,7457,60.86,60.86,60.86,2025-05-23
1100,11958,0,4709,7249,60.62,60.62,60.62,2025-05-24
1101,11763,0,4516,7247,61.61,61.61,61.61,2025-05-25
1102,12851,7,5178,7673,59.71,59.65,59.65,2025-05-26
1103,12015,5,4682,7333,61.03,60.99,60.99,2025-05-27
1104,13831,2,5333,8498,61.44,61.43,61.43,2025-05-28
1105,12347,7,4848,7499,60.74,60.68,60.68,2025-05-29
1106,12475,0,4916,7559,60.59,60.59,60.59,2025-05-30
1107,12409,0,4651,7758,62.52,62.52,62.52,2025-05-31
1108,14051,0,5503,8548,60.84,60.84,60.84,2025-06-01
1109,16652,6,6330,10322,61.99,61.95,61.95,2025-06-02
1110,19406,46,7051,12355,63.67,63.43,63.43,2025-06-03
1111,15501,1,5874,9627,62.11,62.1,62.1,2025-06-04
1112,12909,1,5024,7885,61.08,61.07,61.07,2025-06-05
1113,10884,6,4316,6568,60.35,60.29,60.29,2025-06-06
1114,10518,0,4133,6385,60.71,60.71,60.71,2025-06-07
1115,9943,0,3999,5944,59.78,59.78,59.78,2025-06-08
1116,11610,0,4668,6942,59.79,59.79,59.79,2025-06-09
1117,13497,19,5509,7988,59.18,59.04,59.04,2025-06-10
1118,13599,0,5387,8212,60.39,60.39,60.39,2025-06-11
1119,12987,0,5205,7782,59.92,59.92,59.92,2025-06-12
1120,14340,43,5477,8863,61.81,61.51,61.51,2025-06-13
1121,12429,5,4876,7553,60.77,60.73,60.73,2025-06-14
1122,11390,1,4379,7011,61.55,61.55,61.55,2025-06-15
1123,12555,0,4978,7577,60.35,60.35,60.35,2025-06-16
1124,12286,0,4959,7327,59.64,59.64,59.64,2025-06-17
1125,11621,0,4622,6999,60.23,60.23,60.23,2025-06-18
1126,11841,0,4756,7085,59.83,59.83,59.83,2025-06-19
1127,12363,0,5014,7349,59.44,59.44,59.44,2025-06-20
1128,10788,0,4271,6517,60.41,60.41,60.41,2025-06-21
1129,10455,0,4090,6365,60.88,60.88,60.88,2025-06-22
1130,11606,0,4554,7052,60.76,60.76,60.76,2025-06-23
1131,10600,0,4214,6386,60.25,60.25,60.25,2025-06-24
1132,13824,0,5562,8262,59.77,59.77,59.77,2025-06-25
1133,12920,1,5147,7773,60.16,60.15,60.15,2025-06-26
1134,11398,0,4690,6708,58.85,58.85,58.85,2025-06-27
1135,11512,0,4577,6935,60.24,60.24,60.24,2025-06-28
1136,10688,0,4256,6432,60.18,60.18,60.18,2025-06-29
1137,15954,63,6686,9268,58.09,57.7,57.7,2025-06-30
1138,19050,484,8262,10788,56.63,54.09,54.09,2025-07-01
1139,16521,52,7056,9465,57.29,56.98,56.98,2025-07-02
1140,15619,228,6477,9142,58.53,57.08,57.08,2025-07-03
1141,16849,544,6878,9971,59.18,55.95,55.95,2025-07-04
1142,26660,2072,9834,16826,63.11,55.35,55.33,2025-07-05
1143,22730,1679,8303,14427,63.47,56.08,56.07,2025-07-06
1144,12960,3,5321,7639,58.94,58.92,58.92,2025-07-07
1145,12600,1,5127,7473,59.31,59.3,59.3,2025-07-08
1146,12703,0,5176,7527,59.25,59.25,59.25,2025-07-09
1147,13818,17,5684,8134,58.87,58.74,58.74,2025-07-10
1148,13852,10,5807,8045,58.08,58.01,58.01,2025-07-11
1149,12376,0,5094,7282,58.84,58.84,58.84,2025-07-12
1150,11288,0,4562,6726,59.59,59.59,59.59,2025-07-13
1151,12217,0,4671,7546,61.77,61.77,61.77,2025-07-14
1152,13469,0,4720,8749,64.96,64.96,64.96,2025-07-15
1153,12943,0,4515,8428,65.12,65.12,65.12,2025-07-16
1154,13924,0,4675,9249,66.42,66.42,66.42,2025-07-17
1155,13881,0,4578,9303,67.02,67.02,67.02,2025-07-18
1156,12848,0,4305,8543,66.49,66.49,66.49,2025-07-19
1157,11571,0,4002,7569,65.41,65.41,65.41,2025-07-20
1158,12246,0,4286,7960,65.0,65.0,65.0,2025-07-21
1159,12011,0,4145,7866,65.49,65.49,65.49,2025-07-22
1160,11954,0,4172,7782,65.1,65.1,65.1,2025-07-23
1161,12128,1,4290,7838,64.63,64.62,64.62,2025-07-24
1162,14329,0,5182,9147,63.84,63.84,63.84,2025-07-25
1163,12758,0,4542,8216,64.4,64.4,64.4,2025-07-26
1164,10952,0,3746,7206,65.8,65.8,65.8,2025-07-27
1165,13578,0,4899,8679,63.92,63.92,63.92,2025-07-28
1166,12863,0,4435,8428,65.52,65.52,65.52,2025-07-29
1167,12316,0,4268,8048,65.35,65.35,65.35,2025-07-30
1168,13430,0,4582,8848,65.88,65.88,65.88,2025-07-31
1169,12190,0,4212,7978,65.45,65.45,65.45,2025-08-01
1170,13725,0,4775,8950,65.21,65.21,65.21,2025-08-02
1171,16641,25,5670,10971,65.93,65.78,65.78,2025-08-03
1172,13293,0,4577,8716,65.57,65.57,65.57,2025-08-04
1173,13369,0,4639,8730,65.3,65.3,65.3,2025-08-05
1174,13715,0,4925,8790,64.09,64.09,64.09,2025-08-06
1175,12867,1,4433,8434,65.55,65.54,65.54,2025-08-07
1176,11824,0,4128,7696,65.09,65.09,65.09,2025-08-08
1177,11251,0,3943,7308,64.95,64.95,64.95,2025-08-09
1178,11284,0,3965,7319,64.86,64.86,64.86,2025-08-10
1179,12712,0,4607,8105,63.76,63.76,63.76,2025-08-11
1180,12074,0,4310,7764,64.3,64.3,64.3,2025-08-12
1181,11120,0,3986,7134,64.15,64.15,64.15,2025-08-13
1182,10960,0,3802,7158,65.31,65.31,65.31,2025-08-14
1183,10781,0,3840,6941,64.38,64.38,64.38,2025-08-15
1184,10235,1,3594,6641,64.89,64.88,64.88,2025-08-16
1185,9232,0,3155,6077,65.83,65.83,65.83,2025-08-17
1186,10315,0,3710,6605,64.03,64.03,64.03,2025-08-18
1187,11093,0,3954,7139,64.36,64.36,64.36,2025-08-19
1188,11423,0,4101,7322,64.1,64.1,64.1,2025-08-20
1189,10921,0,3779,7142,65.4,65.4,65.4,2025-08-21
1190,11299,0,4016,7283,64.46,64.46,64.46,2025-08-22
1191,10788,0,3808,6980,64.7,64.7,64.7,2025-08-23
1192,10380,0,3713,6667,64.23,64.23,64.23,2025-08-24
1193,14087,0,4956,9131,64.82,64.82,64.82,2025-08-25
1194,13705,1,4934,8771,64.0,63.99,63.99,2025-08-26
1195,12596,4,4505,8091,64.23,64.2,64.2,2025-08-27
1196,13919,5,4957,8962,64.39,64.35,64.35,2025-08-28
1197,12921,0,4550,8371,64.79,64.79,64.79,2025-08-29
1198,11597,2,3971,7626,65.76,65.74,65.74,2025-08-30
1199,10374,0,3488,6886,66.38,66.38,66.38,2025-08-31
1200,15779,12,5370,10409,65.97,65.89,65.89,2025-09-01
1201,14978,6,5243,9735,65.0,64.96,64.96,2025-09-02
1202,13685,0,4850,8835,64.56,64.56,64.56,2025-09-03
1203,13560,13,4846,8714,64.26,64.17,64.17,2025-09-04
1204,14096,0,4991,9105,64.59,64.59,64.59,2025-09-05
1205,14806,0,5292,9514,64.26,64.26,64.26,2025-09-06
1206,14015,3,5058,8957,63.91,63.89,63.89,2025-09-07
1207,13515,2,4832,8683,64.25,64.23,64.23,2025-09-08
1208,12333,0,4682,7651,62.04,62.04,62.04,2025-09-09
1209,13459,2,5121,8338,61.95,61.94,61.94,2025-09-10
1210,14958,7,5533,9425,63.01,62.96,62.96,2025-09-11
1211,11521,0,4260,7261,63.02,63.02,63.02,2025-09-12
1212,10294,0,3694,6600,64.12,64.12,64.12,2025-09-13
1213,10039,0,3617,6422,63.97,63.97,63.97,2025-09-14
1214,12712,1,4558,8154,64.14,64.14,64.14,2025-09-15
1215,12734,11,4386,8348,65.56,65.47,65.47,2025-09-16
1216,12403,0,4416,7987,64.4,64.4,64.4,2025-09-17
1217,12020,14,4289,7731,64.32,64.2,64.2,2025-09-18
1218,11940,7,4205,7735,64.78,64.72,64.72,2025-09-19
1219,11520,0,3846,7674,66.61,66.61,66.61,2025-09-20
1220,10951,0,3772,7179,65.56,65.56,65.56,2025-09-21
1221,12878,3,4768,8110,62.98,62.95,62.95,2025-09-22
1222,11901,0,4370,7531,63.28,63.28,63.28,2025-09-23
1223,11777,3,4314,7463,63.37,63.34,63.34,2025-09-24
1224,14547,52,5334,9213,63.33,62.98,62.98,2025-09-25
1225,14724,27,5122,9602,65.21,65.03,65.03,2025-09-26
1226,12051,16,4345,7706,63.94,63.81,63.81,2025-09-27
1227,11940,0,4239,7701,64.5,64.5,64.5,2025-09-28
1228,13466,158,4851,8615,63.98,62.8,62.8,2025-09-29
1229,14905,7,5233,9672,64.89,64.84,64.84,2025-09-30
1230,17007,52,5912,11095,65.24,64.93,64.93,2025-10-01
1231,15357,1,5319,10038,65.36,65.36,65.36,2025-10-02
1232,13736,0,4806,8930,65.01,65.01,65.01,2025-10-03
1233,11836,0,4092,7744,65.43,65.43,65.43,2025-10-04
1234,11116,0,3781,7335,65.99,65.99,65.99,2025-10-05
1235,12633,0,4395,8238,65.21,65.21,65.21,2025-10-06
1236,12285,0,4298,7987,65.01,65.01,65.01,2025-10-07
1237,12092,3,4374,7718,63.83,63.8,63.8,2025-10-08
1238,11421,0,4052,7369,64.52,64.52,64.52,2025-10-09
1239,12042,0,4430,7612,63.21,63.21,63.21,2025-10-10
1240,11109,0,4046,7063,63.58,63.58,63.58,2025-10-11
1241,9718,0,3500,6218,63.98,63.98,63.98,2025-10-12
1242,11160,0,4094,7066,63.32,63.32,63.32,2025-10-13
1243,10824,0,3956,6868,63.45,63.45,63.45,2025-10-14
1244,11233,0,3913,7320,65.17,65.17,65.17,2025-10-15
1245,10964,0,3978,6986,63.72,63.72,63.72,2025-10-16
1246,11155,0,4083,7072,63.4,63.4,63.4,2025-10-17
1247,10428,0,3596,6832,65.52,65.52,65.52,2025-10-18
1248,10325,0,3555,6770,65.57,65.57,65.57,2025-10-19
1249,12207,0,4494,7713,63.19,63.19,63.19,2025-10-20
1250,11507,0,4223,7284,63.3,63.3,63.3,2025-10-21
1251,11761,0,4238,7523,63.97,63.97,63.97,2025-10-22
1252,11250,0,4071,7179,63.81,63.81,63.81,2025-10-23
1253,12157,0,4291,7866,64.7,64.7,64.7,2025-10-24
1254,13100,0,4700,8400,64.12,64.12,64.12,2025-10-25
1255,12183,0,4321,7862,64.53,64.53,64.53,2025-10-26
1256,13705,3,4930,8775,64.03,64.01,64.01,2025-10-27
1257,13598,0,4967,8631,63.47,63.47,63.47,2025-10-28
1258,12508,0,4671,7837,62.66,62.66,62.66,2025-10-29
1259,12056,0,4401,7655,63.5,63.5,63.5,2025-10-30
1260,13360,2,4642,8718,65.25,65.24,65.24,2025-10-31
1261,14799,1,5009,9790,66.15,66.15,66.15,2025-11-01
1262,13056,4,4469,8587,65.77,65.74,65.74,2025-11-02
1263,13819,0,4954,8865,64.15,64.15,64.15,2025-11-03
1264,12595,0,4505,8090,64.23,64.23,64.23,2025-11-04
1265,13219,0,4834,8385,63.43,63.43,63.43,2025-11-05
1266,12422,0,4347,8075,65.01,65.01,65.01,2025-11-06
1267,11655,0,4193,7462,64.02,64.02,64.02,2025-11-07
1268,10912,0,3938,6974,63.91,63.91,63.91,2025-11-08
1269,10421,0,3654,6767,64.94,64.94,64.94,2025-11-09
1270,12737,0,4694,8043,63.15,63.15,63.15,2025-11-10
1271,11802,0,4436,7366,62.41,62.41,62.41,2025-11-11
1272,11486,0,4280,7206,62.74,62.74,62.74,2025-11-12
1273,11711,0,4400,7311,62.43,62.43,62.43,2025-11-13
1274,10232,0,3870,6362,62.18,62.18,62.18,2025-11-14
1275,10045,0,3641,6404,63.75,63.75,63.75,2025-11-15
1276,10197,0,3627,6570,64.43,64.43,64.43,2025-11-16
1277,11794,0,4222,7572,64.2,64.2,64.2,2025-11-17
1278,12341,1,4512,7829,63.44,63.43,63.43,2025-11-18
1279,11461,0,4208,7253,63.28,63.28,63.28,2025-11-19
1280,12150,0,4537,7613,62.66,62.66,62.66,2025-11-20
1281,11413,0,4207,7206,63.14,63.14,63.14,2025-11-21
1282,11013,0,3987,7026,63.8,63.8,63.8,2025-11-22
1283,10302,0,3593,6709,65.12,65.12,65.12,2025-11-23
1284,13340,29,4514,8826,66.16,65.94,65.94,2025-11-24
1285,14480,7,5337,9143,63.14,63.09,63.09,2025-11-25
1286,12838,1,4698,8140,63.41,63.4,63.4,2025-11-26
1287,12948,0,4676,8272,63.89,63.89,63.89,2025-11-27
1288,28208,1013,8729,19479,69.05,65.47,65.47,2025-11-28
1289,18154,61,6037,12117,66.75,66.41,66.41,2025-11-29
1290,12982,0,4413,8569,66.01,66.01,66.01,2025-11-30
1291,17929,3,5889,12040,67.15,67.14,67.14,2025-12-01
1292,15122,1,5347,9775,64.64,64.63,64.63,2025-12-02
1293,14261,0,5103,9158,64.22,64.22,64.22,2025-12-03
1294,12416,1,4536,7880,63.47,63.46,63.46,2025-12-04
1295,12835,0,4590,8245,64.24,64.24,64.24,2025-12-05
1296,11430,0,4011,7419,64.91,64.91,64.91,2025-12-06
1297,10783,0,3796,6987,64.8,64.8,64.8,2025-12-07
1298,11997,0,4444,7553,62.96,62.96,62.96,2025-12-08
1299,12103,6,4384,7719,63.78,63.73,63.73,2025-12-09
1300,12542,2,4691,7851,62.6,62.59,62.59,2025-12-10
1301,11780,0,4366,7414,62.94,62.94,62.94,2025-12-11
1302,10905,0,4197,6708,61.51,61.51,61.51,2025-12-12
1303,10030,0,3728,6302,62.83,62.83,62.83,2025-12-13
1304,9308,2,3437,5871,63.07,63.05,63.05,2025-12-14
1305,11439,2,4271,7168,62.66,62.65,62.65,2025-12-15
1306,11901,0,4408,7493,62.96,62.96,62.96,2025-12-16
1307,11938,4,4421,7517,62.97,62.93,62.93,2025-12-17
1308,12223,0,4464,7759,63.48,63.48,63.48,2025-12-18
1309,11480,0,4177,7303,63.61,63.61,63.61,2025-12-19
1310,10949,0,3957,6992,63.86,63.86,63.86,2025-12-20
1311,10349,0,3637,6712,64.86,64.86,64.86,2025-12-21
1312,11079,0,4023,7056,63.69,63.69,63.69,2025-12-22
1313,11056,0,3965,7091,64.14,64.14,64.14,2025-12-23
1314,12702,0,4651,8051,63.38,63.38,63.38,2025-12-24
1315,12382,1,4545,7837,63.29,63.29,63.29,2025-12-25
1316,11728,0,4219,7509,64.03,64.03,64.03,2025-12-26
1317,11104,0,4022,7082,63.78,63.78,63.78,2025-12-27
1318,10995,0,3955,7040,64.03,64.03,64.03,2025-12-28
1319,13022,0,4612,8410,64.58,64.58,64.58,2025-12-29
1320,13022,0,4613,8409,64.58,64.58,64.58,2025-12-30
1321,12538,0,4413,8125,64.8,64.8,64.8,2025-12-31
1322,12569,0,4418,8151,64.85,64.85,64.85,2026-01-01
1323,22182,351,6978,15204,68.54,66.96,66.96,2026-01-02
1324,29218,1096,8856,20362,69.69,65.95,65.95,2026-01-03
1325,13500,0,4834,8666,64.19,64.19,64.19,2026-01-04
1326,13848,2,4906,8942,64.57,64.56,64.56,2026-01-05
1327,13212,0,4650,8562,64.8,64.8,64.8,2026-01-06
1328,12880,1,4599,8281,64.29,64.29,64.29,2026-01-07
1329,12387,0,4554,7833,63.24,63.24,63.24,2026-01-08
1330,13513,5,4805,8708,64.44,64.4,64.4,2026-01-09
1331,12605,0,4403,8202,65.07,65.07,65.07,2026-01-10
1332,12108,0,4347,7761,64.1,64.1,64.1,2026-01-11
1333,13283,0,4744,8539,64.29,64.29,64.29,2026-01-12
1334,13522,0,4676,8846,65.42,65.42,65.42,2026-01-13
1335,12311,0,4468,7843,63.71,63.71,63.71,2026-01-14
1336,12194,0,4342,7852,64.39,64.39,64.39,2026-01-15
1337,10840,0,3825,7015,64.71,64.71,64.71,2026-01-16
1338,10703,0,3666,7037,65.75,65.75,65.75,2026-01-17
1339,10237,0,3569,6668,65.14,65.14,65.14,2026-01-18
1340,11892,0,4301,7591,63.83,63.83,63.83,2026-01-19
1341,12224,0,4414,7810,63.89,63.89,63.89,2026-01-20
1342,12462,0,4464,7998,64.18,64.18,64.18,2026-01-21
1343,11534,1,4240,7294,63.24,63.23,63.23,2026-01-22
1344,13641,0,4831,8810,64.58,64.58,64.58,2026-01-23
1345,16016,1,5441,10575,66.03,66.02,66.02,2026-01-24
1346,13027,17,4586,8441,64.8,64.67,64.67,2026-01-25
1347,13490,0,4940,8550,63.38,63.38,63.38,2026-01-26
1348,12688,0,4666,8022,63.23,63.23,63.23,2026-01-27
1349,13394,0,4825,8569,63.98,63.98,63.98,2026-01-28
1350,12551,0,4612,7939,63.25,63.25,63.25,2026-01-29
1351,12955,0,4555,8400,64.84,64.84,64.84,2026-01-30
1352,12497,1,4483,8014,64.13,64.12,64.12,2026-01-31
1353,12439,0,4294,8145,65.48,65.48,65.48,2026-02-01
1354,13916,0,4969,8947,64.29,64.29,64.29,2026-02-02
1355,12551,0,4612,7939,63.25,63.25,63.25,2026-02-03
1356,12471,0,4481,7990,64.07,64.07,64.07,2026-02-04
1357,12564,0,4506,8058,64.14,64.14,64.14,2026-02-05
1358,11861,0,4158,7703,64.94,64.94,64.94,2026-02-06
1359,10740,0,3757,6983,65.02,65.02,65.02,2026-02-07
1360,10081,0,3577,6504,64.52,64.52,64.52,2026-02-08
1361,11700,0,4091,7609,65.03,65.03,65.03,2026-02-09
1362,12477,0,4693,7784,62.39,62.39,62.39,2026-02-10
1363,11741,0,4330,7411,63.12,63.12,63.12,2026-02-11
1364,10945,0,4087,6858,62.66,62.66,62.66,2026-02-12
1365,10908,0,3975,6933,63.56,63.56,63.56,2026-02-13
1366,10634,0,3774,6860,64.51,64.51,64.51,2026-02-14
1367,12182,107,4239,7943,65.2,64.33,64.33,2026-02-15
1368,11207,0,4042,7165,63.93,63.93,63.93,2026-02-16
1369,10543,1,3778,6765,64.17,64.16,64.16,2026-02-17
